Address,Latency (ms)
1.13.7.12:8333,209.44406779661017
100.0.50.189:8333,113.65217391304348
100.1.51.87:8333,110.91428571428571
100.33.143.231:8333,106.2
100.38.235.10:8333,98.0
100.7.57.174:8333,106.97014925373135
100.7.76.170:8333,109.69767441860465
101.100.139.113:8333,300.30357142857144
101.174.7.206:8333,325.0
101.188.95.138:8333,315.3636363636364
101.43.219.104:8333,169.1375464684015
103.111.190.94:8333,200.42105263157896
103.155.93.187:8333,13.444444444444445
103.209.12.144:8333,267.89890710382514
103.231.88.26:57857,278.1875
103.26.16.240:8333,290.8695652173913
103.99.168.130:8333,216.7883008356546
104.10.173.220:8333,180.02797202797203
104.143.2.195:8333,122.88483146067416
104.156.225.206:8333,83.77540106951872
104.165.53.3:8333,525.0
104.165.53.5:8333,506.0
104.165.53.7:8333,469.3333333333333
104.165.53.8:8333,572.4
104.165.54.66:8333,494.5
104.165.54.69:8333,370.0
104.165.55.67:8333,533.2
104.165.57.163:8333,567.0
104.165.57.164:8333,556.3333333333334
104.165.57.166:8333,536.6
104.165.57.169:8333,510.3333333333333
104.165.57.170:8333,587.0
104.165.57.173:8333,451.3333333333333
104.165.59.100:8333,638.3333333333334
104.165.59.99:8333,479.4
104.172.235.227:8333,166.16901408450704
104.191.19.126:8333,126.08163265306122
104.229.25.94:8333,129.82608695652175
104.247.243.82:8333,206.21428571428572
104.248.143.83:8333,8.621118012422361
104.248.157.169:8333,178.84076433121018
104.248.157.8:8332,177.8918918918919
104.248.16.27:8333,5.199453551912568
104.248.199.192:8332,15.9
104.248.245.250:8333,5.0633608815427
104.248.60.35:8333,85.18125
104.248.90.45:8333,17.158774373259053
104.53.92.58:8333,169.08928571428572
104.56.198.125:8333,131.54761904761904
104.62.145.108:8333,826.68
104.62.244.170:8333,123.09695290858726
106.72.39.130:9600,257.5625
107.11.96.20:8333,123.60714285714286
107.180.70.101:8333,98.42168674698796
107.191.33.83:8333,83.04702194357367
107.195.166.98:8333,112.07692307692308
108.163.129.111:8333,93.90204081632653
108.190.43.240:8333,137.35897435897436
108.193.67.74:8333,136.66949152542372
108.198.146.109:8333,1612.138888888889
108.28.114.251:8333,107.64516129032258
108.4.212.136:8333,140.92857142857142
108.49.16.146:8333,112.2439024390244
108.54.250.156:8333,106.0625
108.85.174.65:8333,168.75
109.120.194.136:8333,31.736842105263158
109.147.13.110:8333,30.0
109.156.136.110:8333,52.0
109.164.231.226:8333,19.70769230769231
109.168.144.98:8333,68.0327868852459
109.190.247.5:8333,32.44137931034483
109.190.25.156:8333,99.6923076923077
109.192.157.175:8333,21.68595041322314
109.193.76.200:8333,336.23893805309734
109.202.206.15:8333,10.894736842105264
109.206.168.240:8333,11.541208791208792
109.207.79.248:8333,69.88219178082191
109.228.146.213:8333,26.833333333333332
109.236.81.138:58333,15.172602739726027
109.236.90.117:8333,16.667582417582416
109.236.90.31:8333,14.333333333333334
109.248.206.13:8333,92.24043715846994
109.250.186.141:8334,11.2
109.64.247.186:8333,62.0
112.166.235.107:8333,236.41666666666666
112.19.172.217:8333,224.15942028985506
115.68.109.9:8333,246.8048780487805
116.202.203.168:8333,2.9726962457337884
116.202.51.176:8333,1.2808219178082192
116.202.56.177:8333,4.169398907103825
116.203.151.175:8333,3.3251366120218577
116.203.184.108:8333,3.0
116.203.61.61:8333,110.16986301369863
116.203.87.70:8333,3.0
116.58.171.67:8333,257.09366391184574
119.29.54.159:8333,210.03296703296704
119.8.127.50:8333,188.75
120.244.105.224:8333,256.5
121.4.41.20:8333,230.0
121.45.243.98:8333,313.925
121.98.22.147:8333,318.4854368932039
121.99.240.87:8333,301.1012658227848
122.107.79.181:8333,403.0217391304348
122.222.160.190:8333,266.746835443038
122.53.226.119:8333,258.5208333333333
122.57.81.152:8333,298.0
123.198.205.2:8333,264.42857142857144
123.243.145.125:8333,307.8421052631579
124.171.138.242:8333,312.0833333333333
124.222.123.238:8333,231.2325581395349
124.248.128.23:8333,285.56
128.199.127.0:8333,179.33125
128.199.178.41:8333,180.19020172910663
128.199.252.50:8333,178.77292576419214
128.199.4.104:8333,168.03184713375796
128.199.54.69:8333,18.470588235294116
128.199.6.24:8333,167.90683229813664
128.199.98.15:8333,179.27564102564102
128.2.12.38:8333,123.50964187327824
129.13.189.210:8333,9.465116279069768
129.146.52.174:8333,148.57857142857142
129.146.71.46:8333,150.61764705882354
129.159.197.52:8333,5.251798561151079
13.126.144.12:8333,125.97245179063361
13.127.94.172:8333,122.66666666666667
13.209.215.189:8333,261.9616438356164
13.212.75.252:8333,166.3779761904762
13.213.211.229:8333,168.6878453038674
13.215.80.204:8333,167.3254716981132
13.228.23.177:8333,157.72727272727272
13.228.53.43:8333,170.56043956043956
13.229.133.26:8333,166.12011173184356
13.229.145.68:8333,171.11153846153846
13.48.127.4:8333,26.307692307692307
13.82.198.161:8335,124.41643835616438
13.88.177.3:8333,160.01373626373626
130.234.178.83:5941,31.27777777777778
130.45.62.168:8333,148.33333333333334
130.61.30.186:8333,5.386111111111111
131.130.126.82:8333,12.727272727272727
131.188.43.61:8333,9.53125
133.125.50.180:8333,256.68587896253604
134.101.223.1:8333,12.0
134.122.106.46:8333,21.367403314917127
134.122.38.34:8333,109.59748427672956
134.122.40.106:8333,109.2760736196319
134.209.198.36:8333,15.059171597633137
134.209.20.197:8333,21.5
134.209.215.11:8333,85.45394736842105
135.125.188.190:8333,6.0
135.180.128.90:8333,156.23076923076923
135.181.0.47:8333,25.922865013774103
135.181.109.135:8333,31.253164556962027
135.181.109.137:8333,31.36551724137931
135.181.113.81:8333,25.8732782369146
135.181.116.234:21002,26.06614785992218
135.181.117.8:8333,25.515151515151516
135.181.137.135:18333,26.23497267759563
135.181.141.120:8333,26.043715846994534
135.181.165.144:8333,25.286713286713287
135.181.165.182:8333,26.3121546961326
135.181.197.116:8333,26.46301369863014
135.181.2.188:8333,25.20472440944882
135.181.20.182:8333,25.53846153846154
135.181.208.163:8333,25.85164835164835
135.181.219.223:8333,26.07792207792208
136.243.146.69:8333,1.0296052631578947
136.243.147.44:8333,1.0116279069767442
136.243.176.210:8333,1.2935153583617747
136.243.57.208:8333,1.0129870129870129
136.243.72.159:8333,1.016260162601626
136.244.65.212:8333,22.38736263736264
136.25.198.59:8333,139.9047619047619
136.25.9.167:8333,161.0
136.26.5.75:8333,160.7814569536424
136.29.109.180:8333,128.875
136.32.173.8:8333,119.59375
136.32.173.8:8335,123.84615384615384
136.32.240.6:8333,120.79938271604938
136.35.169.237:8333,125.41322314049587
136.36.50.59:8333,143.8
136.37.188.153:8333,120.05448717948718
136.49.183.215:7333,130.26153846153846
136.49.201.24:8333,153.78971962616822
136.55.13.9:8333,112.53333333333333
136.56.165.207:8333,124.13157894736842
137.184.182.6:8333,166.82926829268294
137.184.186.227:8333,168.14285714285714
137.184.186.230:8333,167.0
137.184.186.236:8333,166.9047619047619
137.184.2.124:8333,166.96732026143792
137.184.224.249:8333,166.5
137.74.0.3:8333,24.431318681318682
138.197.166.184:8332,107.59541984732824
138.197.173.43:8333,108.20454545454545
138.197.177.216:8333,5.945054945054945
138.197.185.251:8332,5.006944444444445
138.197.233.230:8333,166.5252100840336
138.201.28.24:8333,1.05625
138.201.31.30:8333,30.949685534591193
138.207.211.106:8333,126.65020576131687
138.219.43.168:8333,235.74380165289256
138.68.11.174:8333,166.54246575342466
138.68.227.57:8333,167.28333333333333
138.88.64.2:8333,119.0
139.162.14.9:8333,181.02932551319648
139.162.151.61:8333,5.700787401574803
139.162.184.147:8333,101.57333333333334
139.162.41.193:8333,189.81632653061226
139.177.184.116:8333,180.3130081300813
139.19.87.30:8333,10.071428571428571
139.59.129.147:8333,5.019283746556474
139.59.145.220:8333,5.092105263157895
139.59.92.87:8333,166.49689440993788
139.99.69.57:5501,177.25
14.199.102.151:8333,186.07692307692307
14.2.99.34:8333,335.8
14.202.76.152:8333,309.5625
140.186.1.209:8333,134.78571428571428
140.190.21.8:8333,119.88372093023256
141.156.192.51:8333,98.0
141.156.89.238:8333,104.37234042553192
141.157.43.171:8333,386.91603053435114
141.239.159.95:8333,318.5
141.94.253.80:8333,47.11764705882353
141.94.28.160:8333,13.0
141.94.74.134:8333,13.404040404040405
141.94.74.135:8333,13.351535836177474
141.95.45.80:30034,6.032069970845481
141.95.97.196:8333,6.259541984732825
141.98.219.12:8333,108.07317073170732
142.114.197.56:8333,110.92
142.116.210.201:8333,101.7
142.126.19.218:8333,99.5
142.126.194.98:8333,105.6875
142.132.168.26:8333,30.980456026058633
142.132.171.166:8333,3.2866666666666666
142.132.218.251:8333,1.0769230769230769
142.134.87.112:8333,123.96666666666667
142.254.82.46:8333,162.775
142.93.109.28:8333,5.189041095890411
142.93.200.9:8333,86.11506849315069
142.93.210.205:8333,212.73378839590444
142.93.23.235:8333,167.51639344262296
142.93.47.188:8332,21.944444444444443
143.110.147.13:8333,167.8684210526316
143.110.157.215:8333,167.7439024390244
143.110.159.19:8333,168.0314465408805
143.110.171.5:8333,23.379746835443036
143.110.228.219:8333,168.2611464968153
143.110.238.129:8333,167.82208588957056
143.110.240.102:8333,169.91975308641975
143.198.127.146:8333,83.8018018018018
143.198.191.235:8333,86.63661202185793
143.244.138.170:8333,132.57142857142858
143.244.169.83:8332,84.45454545454545
144.126.208.48:8332,167.44897959183675
144.130.98.41:8333,312.94871794871796
144.217.252.18:8333,93.75
144.76.98.163:8333,1.032258064516129
145.239.134.39:8333,34.0
145.239.144.2:8333,7.977777777777778
145.239.95.219:8333,25.254794520547946
145.40.51.52:8333,19.020833333333332
145.53.202.234:8333,14.334254143646408
146.0.75.58:8333,10.935779816513762
146.190.237.98:8333,15.970731707317073
146.4.124.129:8333,15.897297297297298
146.70.49.38:8333,194.73101265822785
147.135.10.228:8333,93.34328358208955
147.135.37.208:8333,182.14093959731542
147.135.70.192:8333,93.36986301369863
147.139.1.27:8333,118.78632478632478
147.182.210.218:8333,86.19505494505495
148.113.135.164:8333,94.08695652173913
148.251.190.151:8333,1.0769230769230769
148.251.91.87:8333,4.790697674418604
148.66.58.123:8333,211.224043715847
149.102.139.44:8333,16.86
149.106.148.125:8333,62.203539823008846
149.129.234.18:8333,174.97101449275362
149.167.99.190:8333,1560.6473684210525
149.202.10.48:8335,8.905405405405405
149.248.1.254:8333,150.58448753462605
149.75.48.92:8333,112.86363636363636
15.204.182.52:8333,93.68131868131869
15.207.104.74:8333,121.23863636363636
15.235.115.21:8333,93.52380952380952
15.235.145.1:8333,172.23809523809524
15.235.54.217:8333,94.31868131868131
15.235.82.178:8333,95.4
150.136.62.109:8333,96.125
150.230.20.192:8333,16.925233644859812
151.237.140.232:8333,40.325
151.30.208.253:8333,22.25
151.62.26.245:8333,40.333333333333336
152.117.109.164:8333,125.06756756756756
152.44.159.146:8333,172.81333333333333
153.151.217.194:9740,275.90645161290325
154.23.178.80:8333,208.125
154.65.14.19:8333,182.275956284153
156.146.137.142:8333,129.53456221198158
156.146.177.221:8333,128.48356807511738
157.131.247.204:8333,156.66233766233765
157.230.1.157:8333,85.5126582278481
157.230.221.126:8333,86.52459016393442
157.230.249.202:8333,179.20253164556962
157.230.84.223:8333,84.0
157.245.140.69:8333,85.48101265822785
157.245.150.18:8333,181.1868131868132
157.245.35.47:8333,23.64375
157.245.37.23:8333,21.120481927710845
157.90.109.206:8333,28.565217391304348
157.90.122.222:8333,3.0274725274725274
157.90.126.249:8333,3.3698630136986303
157.90.183.149:8333,1.0096153846153846
157.90.21.130:8333,2.808219178082192
157.90.40.117:8333,3.0546448087431695
158.101.139.58:8333,242.3276836158192
158.140.141.69:8333,1885.7753623188405
158.177.12.198:8333,14.759336099585063
158.69.69.14:8333,94.85205479452055
159.100.249.179:8333,10.589403973509933
159.223.119.50:8332,84.5
159.223.138.242:8333,85.08527131782945
159.223.167.84:8333,85.89759036144578
159.223.19.31:8333,64.1923076923077
159.246.25.52:8333,118.45641025641025
159.250.153.179:8333,123.812324929972
159.250.153.179:8444,119.84297520661157
159.65.126.251:8333,5.202185792349726
159.65.237.31:8333,86.52185792349727
159.65.88.87:8332,20.571428571428573
159.69.1.97:8333,3.0
159.69.123.234:8333,33.975
159.89.108.149:8333,8.019354838709678
159.89.124.195:8333,109.29395604395604
159.89.98.116:8333,8.081761006289309
16.162.255.137:8333,210.0415512465374
16.163.237.32:8333,199.73684210526315
160.16.110.6:8333,237.9945355191257
160.3.194.234:8333,188.93103448275863
160.40.51.95:8333,50.0
161.29.236.55:8333,334.37984496124034
161.35.13.76:8333,82.94501718213058
161.35.232.202:8333,166.37087912087912
161.35.54.110:8333,85.53086419753086
161.35.54.91:8332,83.8780487804878
161.35.90.45:8333,17.335443037974684
161.53.201.185:8333,27.768595041322314
161.97.133.225:8333,15.974789915966387
161.97.67.106:8333,12.006711409395972
162.157.114.53:8333,140.96907216494844
162.17.167.210:8333,174.13424657534247
162.19.83.236:8333,7.9879518072289155
162.19.89.171:8333,13.153846153846153
162.194.95.76:8333,160.30864197530863
162.217.113.138:8333,98.65895953757226
162.227.162.49:8333,159.85897435897436
162.250.191.222:8333,128.05238095238096
162.254.32.85:8333,150.78947368421052
162.55.179.141:8333,3.299625468164794
162.62.26.218:8333,41.0792349726776
163.172.53.103:8333,14.541208791208792
163.172.61.154:8333,15.218579234972678
164.68.109.215:8333,17.788732394366196
164.68.119.58:8333,19.265861027190333
164.68.120.100:8333,19.55704697986577
164.90.151.31:8333,169.19753086419752
164.92.133.143:8333,156.74468085106383
164.92.158.237:8332,16.318181818181817
164.92.80.157:8333,167.17021276595744
165.22.119.136:8333,21.444444444444443
165.22.154.213:8333,166.88235294117646
165.22.227.159:8333,110.80864197530865
165.22.229.88:8333,110.92592592592592
165.22.231.74:8333,111.19108280254777
165.227.163.238:8333,7.774390243902439
165.227.196.254:8333,82.67397260273972
165.227.44.240:8332,109.88524590163935
165.227.46.157:8333,157.95555555555555
165.227.84.200:8333,82.93715846994536
165.232.182.212:8333,132.45454545454547
166.70.49.26:8333,139.6198347107438
166.78.241.20:8333,101.52876712328766
166.78.241.25:8333,100.14207650273224
167.114.173.119:8333,95.1041095890411
167.114.82.78:8333,176.75
167.172.31.124:8333,83.95419847328245
167.179.108.82:8333,233.51232876712328
167.179.145.57:8333,289.6774193548387
167.235.232.139:8333,1.0344827586206897
167.235.31.105:8333,2.9956709956709955
167.71.102.102:8333,83.22465753424657
167.71.128.64:8333,21.068870523415978
167.71.131.130:8333,20.94137931034483
167.71.141.114:8333,21.463414634146343
167.86.101.64:8333,19.175141242937855
167.86.106.23:8333,19.78423236514523
167.86.90.239:8333,28.371584699453553
167.86.91.38:8333,12.181818181818182
167.99.118.53:8333,84.08695652173913
167.99.179.226:8333,108.94246575342466
167.99.52.178:8333,83.1256830601093
168.119.103.204:8333,6.827814569536423
168.119.155.116:8333,6.942857142857143
168.119.176.222:8333,6.836734693877551
168.119.51.177:8333,7.522012578616352
168.119.68.66:8333,1.0549019607843138
168.119.96.193:8333,6.826923076923077
170.187.156.77:8333,110.39285714285714
172.104.181.119:8333,176.9442896935933
172.105.14.192:8333,108.83333333333333
172.105.21.216:8333,106.7103825136612
172.112.153.95:8333,182.7584745762712
172.127.129.238:8333,138.35714285714286
172.218.28.110:8333,167.0
172.248.185.187:8333,568.7306397306397
172.81.182.248:8333,102.55555555555556
172.91.96.143:8333,161.75
172.96.161.244:8333,147.13424657534247
173.170.39.221:8333,133.19354838709677
173.173.211.102:8333,144.91666666666666
173.208.128.10:8333,127.72950819672131
173.230.157.253:8333,156.90437158469945
173.231.200.117:8333,149.20110192837467
173.249.48.168:8333,10.986187845303867
173.249.48.41:8333,14.64109589041096
173.249.7.254:8333,32.107142857142854
173.255.204.124:8333,127.76923076923077
173.3.208.175:8333,95.16666666666667
173.3.218.91:8333,110.61111111111111
173.33.223.148:8333,123.11428571428571
173.48.112.106:8333,113.08974358974359
173.63.221.40:8333,105.5
173.69.157.211:8333,108.1923076923077
173.71.216.2:8333,100.83333333333333
173.76.90.225:8333,116.06818181818181
173.79.145.64:8333,105.9090909090909
174.138.31.70:8333,180.55555555555554
174.138.48.244:8333,84.88888888888889
174.138.58.171:20008,82.87878787878788
174.21.129.136:8333,162.5
174.21.129.16:8333,163.45833333333334
174.21.147.207:8333,165.4
174.21.87.84:8333,168.89285714285714
174.26.141.126:8333,169.8181818181818
174.3.0.194:8333,202.2008733624454
174.30.63.245:8333,135.28048780487805
174.4.86.220:8333,156.25
174.45.182.45:8333,184.53416149068323
174.51.223.204:8333,145.48632218844986
174.61.163.5:8333,175.85043988269794
174.67.44.141:8333,138.8846153846154
174.70.112.181:8333,128.1
174.82.202.46:8333,137.0
174.88.143.6:8333,96.83333333333333
174.91.117.11:8333,104.21951219512195
174.91.193.124:8333,101.0
174.91.88.6:8333,104.93333333333334
174.94.155.224:8333,103.87945205479453
174.95.5.102:8333,111.85714285714286
174.97.197.95:8333,132.9752321981424
176.10.143.190:8333,35.44239631336406
176.114.244.10:8333,26.819444444444443
176.160.195.2:8333,17.0
176.169.154.165:8333,18.933333333333334
176.214.234.136:8333,47.63636363636363
176.31.249.106:8333,13.304109589041095
176.9.120.187:8333,1.5208333333333333
176.9.150.253:8333,24.43609022556391
176.9.32.126:8333,1.0141843971631206
176.9.38.204:8333,1.0957446808510638
176.9.76.148:8333,4.707070707070707
176.9.84.209:8333,15.806451612903226
176.99.12.143:8333,40.45454545454545
177.5.100.90:8333,287.03246753246754
178.124.162.209:8333,33.172413793103445
178.128.160.206:8333,20.841772151898734
178.128.221.177:8333,179.28242074927954
178.128.35.139:8333,21.669398907103826
178.143.52.84:8333,22.366391184573004
178.150.96.46:8333,643.3161764705883
178.175.135.16:8333,38.94444444444444
178.18.251.68:8333,14.03825136612022
178.193.176.88:8333,18.0
178.196.89.209:8333,14.872781065088757
178.198.72.156:8333,16.72690763052209
178.202.62.115:8333,17.714285714285715
178.21.118.178:8333,21.22222222222222
178.238.233.75:8333,12.792817679558011
178.250.157.186:8333,217.35714285714286
178.254.23.152:8333,14.038461538461538
178.39.116.98:8333,18.11918604651163
178.41.236.66:8333,41.016949152542374
178.48.160.142:8333,69.81437125748504
178.48.168.12:8333,34.37152777777778
178.62.110.44:8333,20.502463054187192
178.62.2.80:8333,23.315068493150687
178.62.80.20:8333,21.063013698630137
178.62.83.193:8333,20.744791666666668
178.83.160.129:8333,22.382978723404257
178.84.195.84:8333,27.20967741935484
179.187.84.115:8333,248.5
18.130.244.225:8333,20.308943089430894
18.140.174.141:59050,169.3221153846154
18.140.174.141:59070,162.43127962085308
18.144.54.86:8333,166.31043956043956
18.157.105.66:8333,27.27548209366391
18.162.245.103:8333,211.02197802197801
18.163.231.216:8333,204.0
18.166.31.177:8333,210.31521739130434
18.166.56.29:8333,209.58964143426294
18.167.214.54:8333,214.3877551020408
18.170.56.78:8333,19.523333333333333
18.180.86.136:8333,246.496
18.183.106.18:8333,247.72328767123287
18.191.3.235:8333,100.0
18.191.89.177:8333,98.58955223880596
18.192.62.41:8333,5.912328767123288
18.198.16.76:8333,6.221311475409836
18.198.93.234:8333,5.989041095890411
18.203.101.234:5001,29.01948051948052
18.217.155.30:8333,100.72727272727273
18.217.233.255:8333,100.05263157894737
18.221.151.220:39849,100.0
18.228.144.20:8333,213.01869158878506
18.232.118.18:8333,95.778125
18.237.1.249:8333,185.55555555555554
18.237.223.114:8333,164.15300546448088
18.27.79.17:8333,102.76543209876543
180.70.85.132:8333,261.22105263157897
181.162.213.128:8333,232.66666666666666
182.16.21.162:8333,196.17094017094018
182.69.118.149:8333,255.40636042402826
184.144.209.161:8333,96.4
184.147.185.133:8333,112.6
184.16.149.200:8333,137.52631578947367
184.160.179.106:8333,112.19354838709677
184.171.208.109:8333,103.1978021978022
184.19.26.29:8333,119.3076923076923
184.54.120.123:8333,131.08333333333334
184.56.122.69:8333,116.11111111111111
184.68.216.134:8333,873.0307692307692
184.71.16.114:8333,172.50692520775624
184.73.88.10:8333,97.0059880239521
184.89.169.254:8333,135.33333333333334
184.95.32.132:8663,142.3815789473684
185.101.93.105:8333,18.88186813186813
185.113.129.154:8333,25.706043956043956
185.126.95.99:8333,43.98924731182796
185.132.133.143:8333,16.458791208791208
185.132.133.160:8333,16.434426229508198
185.132.177.16:8333,15.461538461538462
185.142.236.120:8333,17.275
185.144.83.131:8333,31.427397260273974
185.148.147.47:8333,29.817391304347826
185.150.160.208:8333,186.32054794520548
185.150.160.210:8333,16.31129476584022
185.150.162.111:8333,14.190082644628099
185.151.241.15:8333,41.41379310344828
185.154.2.3:8333,67.45679012345678
185.159.20.143:8333,16.830601092896174
185.165.170.19:8333,61.270718232044196
185.165.170.59:8333,61.31182795698925
185.170.213.34:8333,12.712389380530974
185.175.90.195:8333,75.37769784172662
185.180.221.201:8333,14.765027322404372
185.182.194.12:8333,16.104477611940297
185.183.195.150:8333,17.53191489361702
185.183.33.80:8333,15.178082191780822
185.185.26.141:8111,2.5835616438356164
185.19.28.195:8333,14.44535519125683
185.193.227.36:8333,13.379781420765028
185.197.163.136:8333,552.1395348837209
185.227.70.217:8333,238.390243902439
185.233.189.210:8333,3.2837837837837838
185.236.231.207:8333,101.6
185.243.218.19:8333,36.65124555160142
185.248.163.196:8444,11.333333333333334
185.25.224.202:8333,36.754901960784316
185.25.48.148:8333,30.428571428571427
185.25.48.184:8333,32.60382513661202
185.251.20.6:8333,34.083333333333336
185.252.178.217:8333,14.0
185.252.246.108:8333,15.29861111111111
185.26.28.173:8333,44.63013698630137
185.49.169.139:8333,62.089595375722546
185.6.124.16:8333,46.612021857923494
185.7.33.119:8333,31.791666666666668
185.87.149.61:11080,119.24358974358974
185.98.54.20:8333,11.7013698630137
186.31.109.26:8333,186.0
187.102.43.58:8333,221.07692307692307
187.206.1.201:8333,172.53333333333333
188.112.145.230:8333,31.384615384615383
188.117.245.195:8333,20.90251572327044
188.121.252.236:8333,13.857534246575343
188.126.15.127:8333,30.301652892561982
188.127.243.114:8333,41.0
188.155.225.42:8333,19.017391304347825
188.156.112.68:8333,23.705882352941178
188.165.211.112:8333,13.206185567010309
188.165.250.42:8333,13.21875
188.166.102.232:8333,17.576923076923077
188.166.102.98:8333,17.146853146853147
188.166.104.44:8333,17.32515337423313
188.166.134.44:8333,34.142857142857146
188.166.250.4:8333,178.88235294117646
188.166.254.248:8333,177.79271708683473
188.166.66.205:8333,15.514925373134329
188.190.234.13:8333,449.8181818181818
188.226.63.62:8333,70.62264150943396
188.241.120.12:8333,14.5
188.241.177.53:31238,243.0
188.32.14.31:8334,42.38082191780822
188.37.24.190:8333,52.065934065934066
188.62.252.60:8333,18.22826086956522
188.68.53.44:8333,3.3808219178082193
188.68.59.251:8333,5.497536945812808
189.61.15.74:8333,226.0
190.108.200.206:8333,183.42222222222222
190.2.148.87:8333,16.07123287671233
190.2.150.132:8333,13.481203007518797
190.210.62.109:8333,235.6
190.211.208.140:8333,247.4090909090909
192.195.249.67:8333,113.51020408163265
192.222.147.141:8333,111.53358208955224
192.241.142.27:8333,83.4672131147541
192.31.136.90:8333,97.54761904761905
192.99.135.207:8333,94.79722222222222
192.99.32.109:8333,94.59836065573771
192.99.39.160:8333,93.8543956043956
192.99.8.31:8333,94.08695652173913
193.106.31.42:8333,45.873493975903614
193.111.198.187:8111,8.0
193.111.83.145:8333,40.08064516129032
193.111.83.154:8333,39.95375722543353
193.111.83.218:8333,39.529411764705884
193.13.165.152:8333,30.78688524590164
193.138.218.72:8333,19.172131147540984
193.19.119.234:8333,40.14655172413793
193.196.37.62:8333,15.873949579831933
193.196.38.189:8333,7.734939759036145
193.198.68.185:8333,27.873626373626372
193.30.121.100:8333,3.0
193.32.127.160:60969,42.73684210526316
193.32.249.168:57658,48.46341463414634
193.37.255.146:8333,28.884615384615383
193.70.114.101:8333,9.0
193.70.32.13:8333,13.789473684210526
194.103.157.11:8333,28.761904761904763
194.135.92.96:8333,28.14245014245014
194.14.246.205:8333,32.554016620498615
194.14.246.50:8333,27.941828254847646
194.147.113.201:8333,34.07492795389049
194.163.144.199:8333,13.927350427350428
194.163.173.211:8333,13.733333333333333
194.182.162.2:8333,14.449315068493151
194.187.224.131:8333,51.579387186629525
194.219.62.23:8333,56.136986301369866
194.36.91.253:8333,75.29608938547486
195.154.164.243:8333,15.307692307692308
195.154.187.6:8333,14.950138504155124
195.189.226.74:8333,40.47435897435897
195.201.130.1:8333,2.9642857142857144
195.201.160.188:8333,35.625
195.201.202.225:8333,1.0031347962382444
195.240.111.6:8333,14.488479262672811
195.99.208.66:8333,20.800632911392405
197.211.133.34:8333,31.022727272727273
197.90.66.248:8333,199.0
198.187.28.94:8333,147.97802197802199
198.211.102.227:8333,82.73150684931507
198.27.69.166:8333,94.8170731707317
198.46.251.92:8333,101.15060240963855
198.55.58.249:8333,111.23809523809524
198.72.222.109:8333,174.5897435897436
198.84.146.8:8333,128.83928571428572
199.126.234.237:8333,151.6797385620915
199.247.7.208:8333,6.991803278688525
199.38.86.150:8333,109.1
2.201.16.11:8333,11.0
2.230.9.7:8333,983.2709677419355
2.3.25.181:8333,31.652173913043477
2.59.36.110:8333,12.51923076923077
2.87.220.101:8333,49.0
20.127.164.72:8333,90.73170731707317
20.210.120.76:8333,221.18072289156626
20.210.226.26:8333,221.37654320987653
20.218.126.250:8333,5.382978723404255
200.116.154.131:8333,178.52631578947367
200.122.181.26:8333,167.23111111111112
2001-18b8-0-100-0-b00b-420-69:8333,113.23463687150839
2001-19f0-6001-39aa-5400-3ff-fef0-916:8333,153.38967136150234
2001-19f0-6001-5ee9-5400-3ff-fe8e-1e03:8333,151.9294117647059
2001-19f0-6401-ec0-5400-3ff-fe43-93ce:8333,126.08849557522124
2001-4060-4419-8001--42:8333,22.004524886877828
2001-41d0-1-f2d4--1:8333,13.129032258064516
2001-41d0-1008-b86--:8333,13.145658263305322
2001-41d0-2-7a87--1:8333,13.151815181518153
2001-41d0-2-7eb7--:8333,13.0
2001-41d0-2-8bc9--1:8333,13.220779220779221
2001-41d0-2-bf8f--:8333,13.64931506849315
2001-41d0-2-d41c--1:8333,13.259154929577464
2001-41d0-2-e45a--:8333,13.393939393939394
2001-41d0-2-e4d4--:8333,13.53825136612022
2001-41d0-203-86a4--:8333,13.025531914893618
2001-41d0-203-93e3--:8333,16.920353982300885
2001-41d0-303-2708--:8833,13.633802816901408
2001-41d0-303-de8a--:8333,14.552486187845304
2001-41d0-303-f566--:8333,14.512396694214877
2001-41d0-306-c50--:8333,13.029411764705882
2001-41d0-403-3d61--:8333,8.612637362637363
2001-41d0-403-54ec--:8333,8.0
2001-41d0-403-5662--:8333,8.0
2001-41d0-403-c02--:8333,7.99171270718232
2001-41d0-405-9600--:8333,8.0
2001-41d0-602-21cc--:8333,23.412742382271468
2001-41d0-602-a27--:8333,24.178571428571427
2001-41d0-8-6aa0--1:15718,13.0
2001-41d0-8-88de--:8333,13.945054945054945
2001-41d0-8-b9d8--1:8333,13.403846153846153
2001-41d0-8-c30f--1:8333,13.874251497005988
2001-41d0-8-d644--1:8333,14.853185595567867
2001-41d0-8-ed7f--1:8333,13.11111111111111
2001-41d0-800-10c0--:8333,17.493150684931507
2001-41d0-800-1d55--:8333,17.025641025641026
2001-41d0-800-2b9e--:8333,17.06371191135734
2001-41d0-800-3e2-baac-77d9-c920-9b5e:8333,17.0
2001-41d0-a-6a27--1:8333,15.639344262295081
2001-41d0-a-6fbe--:8333,13.757142857142858
2001-41f0--62-6974-636f-696e:8333,32.36158192090395
2001-470-18-277--2:8333,219.91228070175438
2001-470-1f05-4e5--2000:8333,293.0
2001-470-1f07-803-20c-29ff-fe2d-5879:8333,112.52571428571429
2001-470-1f1b-365-aa20-66ff-fe3f-1909:8333,49.142857142857146
2001-470-de5a--ec:9333,54.50824175824176
2001-48f8-9009-0-88df-e72c-c83d-f9bb:8333,146.4
2001-4b98-dc0-51-216-3eff-fe72-2b13:8333,18.56373937677054
2001-4ba0-babe-584--1:8333,9.113744075829384
2001-4dd0-3564-0-fd76-c1d3-1854-5bd9:8333,16.8
2001-4de8-b1b2-1-0-dead-beef-7:8333,16.710365853658537
2001-67c-2db8-6--36:8333,39.35989010989011
2001-7c0-2310-0-f816-3eff-fed6-8580:8333,15.626865671641792
2001-861-3246-a10--40:8333,34.37125748502994
2001-8a0-6109-4c15--2:8333,42.1764705882353
2001-8d8-939-1900--77-9e09:8333,9.9060773480663
2001-b07-5d37-ffb0-9b20-bcef-2e6e-fce8:8333,21.533333333333335
2001-ba8-1f1-f069--2:8333,23.920765027322403
2001-ba8-1f1-f0fe--2:8333,28.93314763231198
2001-bc8-1600-0-208-a2ff-fe0c-8a2e:8333,25.521978021978022
2001-bc8-3bec-100--1:8333,18.72876712328767
2001-e68-5400-e737-51c7-7a73-f446-63b6:8333,203.0
2002-42f0-edac--42f0-edac:8333,234.51612903225808
2002-5c35-5a54--5c35-5a54:8333,107.8018018018018
2002-5dbd-91a9--5dbd-91a9:8333,163.33333333333334
2002-5fd9-e532--5fd9-e532:8333,140.13793103448276
2002-704e-3b8--704e-3b8:8333,239.6818181818182
2002-bca5-ebd0--bca5-ebd0:8333,59.27753303964758
2002-c338-3f04--c338-3f04:8333,84.60773480662984
2003-cb-8731-3802-aaa1-59ff-fe57-7779:8333,16.933333333333334
2003-e6-3737-b900-9209-d0ff-fe0f-9ea7:8333,1544.56
2003-ec-2f21-900-211-32ff-fef7-beef:8333,16.0
201.213.12.6:8333,255.54545454545453
201.221.234.200:8333,157.56
201.3.147.38:8333,221.125
202.108.211.135:8333,219.52892561983472
203.132.93.250:8333,265.13698630136986
203.132.94.196:8333,253.71309192200556
203.152.219.250:8333,278.69354838709677
203.194.53.226:8333,1662.4878048780488
203.217.92.12:8333,342.5
203.7.16.135:8333,320.64864864864865
204.12.202.18:8333,127.14285714285714
204.15.11.8:8333,150.0164835164835
204.194.220.26:8333,163.59130434782608
204.229.10.90:8333,161.14622641509433
205.178.117.158:8333,119.90027700831025
205.178.41.124:8333,117.91610738255034
205.201.123.117:8333,144.20221606648198
205.250.113.23:8333,160.25
206.189.54.247:8333,7.962732919254658
206.189.62.190:8333,5.263013698630137
206.189.62.8:8333,7.838509316770186
206.55.178.157:8333,115.94444444444444
206.81.24.91:8333,5.049315068493151
207.148.79.231:8333,176.94246575342467
207.154.212.35:8333,5.111111111111111
207.154.230.25:18333,5.105263157894737
207.154.235.64:8333,5.491758241758242
207.158.15.86:8333,155.90939597315437
207.158.15.96:8333,152.48387096774192
207.180.193.54:8333,13.223880597014926
207.180.229.234:8333,14.005797101449275
207.180.232.226:8333,9.584615384615384
207.180.235.21:8333,13.438066465256798
207.180.251.119:8333,10.673972602739726
207.182.146.82:8333,113.8958904109589
207.81.200.132:8333,160.71794871794873
208.101.171.102:8333,98.0952380952381
208.115.240.162:8333,127.47727272727273
208.68.38.182:8333,82.80555555555556
208.93.231.240:8333,160.05234159779613
209.205.112.34:8333,135.93852459016392
209.209.10.145:8333,99.37837837837837
209.240.107.22:8333,93.62857142857143
209.58.145.157:8333,125.95068493150686
209.97.136.213:8333,23.863387978142075
209.97.179.21:8333,23.41358024691358
209.97.187.190:8332,22.108333333333334
210.2.64.112:8333,211.26502732240436
211.233.16.206:8333,294.57650273224044
211.233.9.195:8333,281.1698630136986
211.248.90.50:8333,323.50299401197606
211.34.233.241:8333,269.05785123966945
212.10.229.240:8333,28.626609442060087
212.120.111.137:8333,41.15873015873016
212.146.44.91:8333,34.90909090909091
212.178.135.62:19001,50.2
212.178.135.62:39388,48.96341463414634
212.178.135.62:9001,50.34375
212.185.228.53:8333,13.510204081632653
212.185.86.84:8333,61.31623931623932
212.51.136.50:8333,11.6
212.86.32.106:8333,17.27683615819209
212.90.58.56:8333,34.0
212.99.226.35:9020,16.10989010989011
213.10.100.182:8333,47.83766233766234
213.108.196.65:8333,44.41904761904762
213.109.228.32:8333,41.0
213.114.239.228:8333,37.458333333333336
213.125.67.108:8333,29.23204419889503
213.136.84.154:8333,10.794520547945206
213.136.86.122:8333,18.75492957746479
213.141.154.201:8333,70.55855855855856
213.159.199.54:8333,62.645161290322584
213.169.186.41:8333,21.486486486486488
213.173.75.191:8333,31.756906077348066
213.174.156.71:8333,96.4207650273224
213.174.156.72:8333,96.56901408450705
213.214.66.182:8333,41.646341463414636
213.239.220.183:8333,3.4573002754820936
213.240.118.110:8333,23.0
213.47.25.87:8333,21.655555555555555
213.47.64.105:8333,60.47802197802198
216.121.161.239:8333,118.14285714285714
216.186.250.53:8333,130.39285714285714
216.188.233.105:8333,147.85714285714286
216.226.128.189:8333,123.19672131147541
216.232.73.166:8333,165.01333333333332
217.104.75.11:8333,259.5595567867036
217.105.86.87:8333,24.543956043956044
217.11.240.4:8333,14.598314606741573
217.115.120.70:8333,32.53731343283582
217.120.139.4:8333,28.266666666666666
217.160.167.71:8333,11.1875
217.180.221.162:8333,122.64028776978417
217.24.239.109:8333,25.7192118226601
217.64.47.200:8333,34.743362831858406
218.250.160.100:8333,182.80434782608697
218.80.116.18:8333,206.5
219.117.249.173:8333,269.0833333333333
220.233.178.199:8333,270.62608695652176
220.255.226.71:8333,179.0
221.216.143.152:8333,213.8
222.153.103.35:8333,308.2027027027027
223.206.48.195:8333,193.0
223.72.35.216:2001,199.66666666666666
23.17.209.151:8333,149.6875
23.175.0.222:8333,164.96153846153845
23.20.24.146:8333,97.54198473282443
23.233.55.92:8333,141.28846153846155
23.242.53.118:8333,193.234375
23.245.197.232:8333,128.6909090909091
24.132.208.61:8333,32.861271676300575
24.132.83.153:8333,27.25581395348837
24.141.166.152:8333,115.61797752808988
24.143.115.143:8333,165.5
24.143.51.60:8333,143.44444444444446
24.167.37.101:8333,148.95384615384614
24.184.107.34:8333,98.44
24.202.49.149:8333,103.78571428571429
24.211.119.104:8333,142.44776119402985
24.242.240.160:8333,132.43243243243242
24.46.131.31:8333,99.44505494505495
24.66.149.101:8333,150.23333333333332
24.84.164.50:8333,162.78238341968913
24.87.154.248:8333,197.13223140495867
24.88.201.149:8333,110.18518518518519
2400-2410-cea2-d00-41bc-c9ea-861b-51ee:8333,256.4390243902439
2400-4050-a540-9900-a0a4-b5fc-2f5f-f2da:8333,259.7857142857143
2400-6180-100-d0--358-1:8333,136.2
2400-8901--f03c-93ff-fed1-9e9c:8333,167.69230769230768
2401-2500-204-1149-133-125-50-180:8333,263.1349862258953
2401-7000-ca77-1300-3ed3-5525-d5b3-82:8333,288.70588235294116
2402-4e00-1202-fe00-0-9470-7dce-64cd:8333,327.2185185185185
2404-4408-63a4-a01--250:8333,295.46534653465346
2407-8800-bc61-2202-a0c6-107-502b-4e3b:8333,333.6041666666667
2408-8207-2611-7fe0-20c-29ff-fe6c-f2e5:8333,290.4516129032258
240b-252-9480-9d00-e65f-1ff-fe10-d767:8333,293.79194630872485
240e-3a1-6626-d571-79ce-ade4-d047-3557:8333,321.0
240e-3b5-3471-4cf1-b142-9526-ad21-d027:8333,321.5
24lw2qw5pwpeaztnytoejrgzci3w77rakxazwmq7rbx23nv427fugvqd.onion:8333,1030.8898305084747
25wxr72b4kf3jn2gksorw5comtfkwkyosj3csywucwf7v5rwn7ahp7yd.onion:8333,897.4262295081967
2600-1700-5453-69e--109:8333,159.32323232323233
2600-3c00-e002-2e32--1-14:8333,149.35616438356163
2600-3c01--f03c-91ff-fed8-db38:8333,165.8181818181818
2600-4040-2854-5e00-c6e9-84ff-fe46-ee8:8666,123.89189189189189
2600-4041-7975-6200-15-b70f-76cf-7fe9:8333,92.66666666666667
2601-18c-8080-300f-219-d1ff-fe75-dc2f:8333,109.40671641791045
2601-18d-4600-43f1-20e7-b3ff-fecf-a99:8333,106.33888888888889
2601-246-0-26-da9e-f3ff-fe35-b17a:8333,123.81593406593407
2601-246-4d7f-9e28-f321-36ca-7a71-c687:8333,153.34166666666667
2601-640-c201-960d-86eb-f27d-66a2-f2c1:8333,169.01818181818183
2602-fec3-0-1--69:8333,96.0
2603-3001-2618-c000--bcec:8333,124.66666666666667
2603-3003-11b-e100-20c-29ff-fe38-bbc0:8333,111.77777777777777
2603-3004-6a1-3800--f667:8333,176.75
2603-3006-7-2a00-4357-ea7-ba1d-9135:8333,172.66666666666666
2603-300a-1e05-6b00--ea82:8333,127.57142857142857
2603-3016-1933-c100--7725:8333,135.0
2603-6011-af41-7214--5:8333,123.09375
2603-8001-6f01-d300-e0c8-7a8b-eafe-6dc:8333,183.5
2603-8080-2901-e122--1884:8333,164.43243243243242
2603-8081-6c00-306e-215-5dff-fe03-1593:8333,210.11764705882354
2603-80a0-703-40f8--39:8333,170.98333333333332
2604-180-f1--48:8333,112.5
2604-2d80-9f01-3c00-211-32ff-fe7d-44ca:8333,126.5679012345679
2604-2dc0-200-3f0--:8333,155.98879551820727
2604-4080-1036-80b1--3be:8333,164.375
2604-4300-a-178-8ddf-da53-626-5400:8333,414.8
2604-5500-5036-ef01-1c18-9224-7cf2-7206:8333,162.35294117647058
2604-a00-21-3043-bf6a-535e-dfeb-5b7b:8333,83.15882352941176
2604-a880-4-1d0--43b-6000:8333,164.62745098039215
2604-a880-400-d1--7e2-e001:8333,97.71428571428571
2604-a880-cad-d0--d8c-d001:8333,115.0
2605-6400-30-f220--:8333,15.257627118644068
2605-a600-1e44-ec12--1:8333,148.13333333333333
2607-5300-203-2fac--:8333,93.10928961748634
2607-5300-60-24d2--42-5443:8333,94.71830985915493
2607-5300-60-476d--:8333,95.29661016949153
2607-5300-60-85a9--:8333,94.33333333333333
2607-5300-60-980c--:28643,94.16528925619835
2607-5300-61-854--1:8333,94.64102564102564
27.124.108.19:8333,358.41284403669727
27.33.160.196:8333,326.8882681564246
2800-40-33-8ab-a0e7-b215-fc83-5c31:8333,264.951724137931
2800-bf0-81c2-eef-3d69-7ed0-1c46-a0d9:8333,178.75
2804-14c-87e0-852e-bb6c-73c1-df6a-aedd:8333,223.0
2804-14d-2a7a-8905--1001:8333,215.75
2804-14d-32a0-4f78--1000:8333,422.125
2804-431-c7ef-1198-a248-1cff-feb8-2cb4:8333,572.0
2804-d45-370f-3c00-d4e0-a02c-6667-b45d:8333,217.0
2806-103e-e-3549--1:8333,164.16666666666666
2806-107e-19-230b--3:8333,203.875
2806-2f0-51c1-9363-e5cd-702c-464a-763a:8333,157.2
2a00-1028-83a4-4502-99c0-9702-2772-17e:8333,224.37724550898204
2a00-1398-4-2a03-215-5dff-fed6-e62:8333,10.777777777777779
2a00-13a0-3015-1-85-14-79-26:8333,21.487465181058496
2a00-1858-104c-8a80-d4a7-ab88-1d64-81f8:8333,88.0
2a00-1ca8-2e--a1d9-c2e7:8333,13.35
2a00-23c5-fe80-7301-d6ae-52ff-fed5-56a5:8333,57.18181818181818
2a00-5980-93--135:8333,15.246498599439775
2a00-6020-b489-2000-5054-ff-fefc-5ed8:8333,19.169934640522875
2a00-7c80-0-25--e37a:8333,17.104395604395606
2a00-a041-3fc0-70-8060-13f9-d0ca-9e03:8333,87.10714285714286
2a00-ab00-203-9-ff34--7746:8333,43.76308539944903
2a00-d880-5-c2--d329:8333,1426.2558139534883
2a01-238-4380-1400-ac93-d34b-7f20-ea18:8333,16.0
2a01-490-16-301--2:8333,14.348066298342541
2a01-4b00-807c-3100-61f6-af53-ad9e-7784:8333,22.666666666666668
2a01-4f8-13b-2eec--2:8333,1.0222222222222221
2a01-4f8-151-108b--2:8333,9.11111111111111
2a01-4f8-151-4372--2:8333,1.563157894736842
2a01-4f8-160-33c1--2:8333,22.966666666666665
2a01-4f8-162-2087--2:8333,1.003968253968254
2a01-4f8-171-16af--2:8333,1.0660377358490567
2a01-4f8-171-3248--2:8333,6.7272727272727275
2a01-4f8-172-2b27--2:8333,1.0388349514563107
2a01-4f8-190-546e--2:8333,2.550561797752809
2a01-4f8-191-5071--2:8333,1.003154574132492
2a01-4f8-1c0c-5025--1:8333,3.289473684210526
2a01-4f8-1c1c-14b9--1:8333,2.953551912568306
2a01-4f8-1c1c-1bd--1:8333,3.2214532871972317
2a01-4f8-1c1c-7074--1:8333,3.0588235294117645
2a01-4f8-1c1c-f3ce--1:8333,3.0
2a01-4f8-1c1e-50cf--1:8333,3.401639344262295
2a01-4f8-1c1e-5f8c--1:8333,3.0
2a01-4f8-1c1e-8ed1--1:8333,3.0
2a01-4f8-1c1e-a977--1:8333,3.0833333333333335
2a01-4f8-202-7144-c49d-e29a-d44a-c6ea:8333,18.931818181818183
2a01-4f8-212-1553--2:8333,1.010752688172043
2a01-4f8-212-269a--2:8333,1.0043668122270741
2a01-4f8-221-4396--2:8333,1.0962732919254659
2a01-4f8-222-16d6--2:8333,1.0042194092827004
2a01-4f8-231-281f--2:8333,1.2124645892351276
2a01-4f8-a0-14ec--2:8333,4.326027397260274
2a01-4f8-a0-410b--2:8333,29.284931506849315
2a01-4f8-a0-50c2--2:8333,2.9753424657534246
2a01-4f8-a0-9308--2:8333,2.5625
2a01-4f8-c0-1721--2:8333,2.9808219178082194
2a01-4f8-c010-113f--1:8333,1.1508379888268156
2a01-4f8-c010-8a96--1:8333,1.047337278106509
2a01-4f8-c0c-517--1:8333,3.448087431693989
2a01-4f8-c0c-7aaf--1:8333,3.0273224043715845
2a01-4f8-c0c-80a7--1:8333,3.3581267217630852
2a01-4f8-c0c-932a--1:8333,3.2747252747252746
2a01-4f8-c0c-ead9--1:8333,3.2794520547945205
2a01-4f8-c0c-f36a--1:8333,3.4615384615384617
2a01-4f8-c17-78c5--1:8333,1.146814404432133
2a01-4f8-c17-96bf--1:8333,1.1927374301675977
2a01-4f8-c17-ed97--1:8333,1.0150375939849625
2a01-4f8-c2c-4df6--1:8333,3.1041666666666665
2a01-4f8-c2c-cfa4--1:8333,2.808219178082192
2a01-4f9-1a-9015--2:8333,26.109649122807017
2a01-4f9-1a-97e8--2:8333,25.0
2a01-4f9-1a-a004--2:8333,25.40625
2a01-4f9-1a-af0d--2:8333,25.27338129496403
2a01-4f9-1a-b203--2:8333,25.3
2a01-4f9-2a-112d--2:8333,26.183060109289617
2a01-4f9-2a-19a7--2:8333,25.0
2a01-4f9-2a-21eb--2:8333,25.0
2a01-4f9-2a-24e0--2:8333,26.60169491525424
2a01-4f9-2a-2510--2:8333,26.317808219178083
2a01-4f9-2a-390--2:8333,26.113573407202217
2a01-4f9-2b-fd8--2:8333,26.056338028169016
2a01-4f9-3a-148f--2:8333,26.8393351800554
2a01-4f9-3a-1a6c--2:8333,25.25925925925926
2a01-4f9-3a-2913--2:8333,25.517241379310345
2a01-4f9-3a-3c20--2:8333,26.194805194805195
2a01-4f9-3a-40d8--2:8333,25.97814207650273
2a01-4f9-3b-2407--2:8333,25.548148148148147
2a01-4f9-3b-38cd--2:8333,25.625
2a01-4f9-3b-47e5--2:8333,25.375
2a01-4f9-4a-2da9--2:8333,26.87837837837838
2a01-4f9-4a-47a3--2:8333,25.974789915966387
2a01-4f9-4a-4824--2:8333,26.13736263736264
2a01-4f9-4a-5188--2:8333,25.19083969465649
2a01-4f9-4b-196e--2:8333,25.983193277310924
2a01-4f9-5a-116d-a68f--13f3:8333,26.2020202020202
2a01-4f9-6a-10cc--2:8333,25.87878787878788
2a01-4f9-6a-1667--666:8333,25.814207650273225
2a01-4f9-6a-1f90--2:8333,26.161643835616438
2a01-4f9-6b-118a--2:8333,25.975510204081633
2a01-4f9-6b-1b00--2:8333,25.352941176470587
2a01-4f9-6b-1cec--2:8333,25.833333333333332
2a01-4f9-6b-2564--2:8333,26.006920415224915
2a01-4f9-6b-261b--2:8333,25.28082191780822
2a01-4f9-6b-268f--2:20002,25.735632183908045
2a01-4f9-6b-4404--2:8333,28.16597510373444
2a01-4f9-6b-4ead--2:8333,25.182692307692307
2a01-4f9-c010-1e1c--1:8333,25.21969696969697
2a01-4f9-c010-9d1e--1:8333,25.994505494505493
2a01-4f9-c011-2e88--1:8333,26.638356164383563
2a01-4f9-c011-31e6--1:8333,25.901492537313434
2a01-4f9-c011-7370--1:8333,26.1510989010989
2a01-4f9-c011-7f4b--1:8333,26.730659025787965
2a01-5200-6c-6162-6263-6173-6861-6263:8333,28.821428571428573
2a01-5f0-beef-5-0-3-0-1:52101,16.472677595628415
2a01-7a0-2-1511-ae1f-6bff-fe20-4c74:8333,59.56164383561644
2a01-7a7-2-2804-ae1f-6bff-fe9d-6c94:8333,2978.73417721519
2a01-7c8-aac2-180-5054-ff-fe56-8d10:8333,12.057851239669422
2a01-7c8-d001-1c1-5054-ff-feee-3e1a:8333,13.81163434903047
2a01-7c8-d005-240-5054-ff-fe0a-2f76:8333,20.269565217391303
2a01-8740-1-ffc5--8c6a:8333,29.382513661202186
2a01-e0a-1b9-2eb0-149b-21ff-9719-56c8:8333,29.571428571428573
2a01-e0a-300-4a40-ad58-8cf4-8fa5-adfe:8333,35.28125
2a01-e0a-334-4b00-ec78-22ff-fe23-2558:8333,27.616883116883116
2a01-e0a-3e9-d640-5e85-7eff-fe43-21eb:8333,32.9375
2a01-e0a-843-fb00-1413-c270-bce0-a7f9:8333,22.666666666666668
2a01-e0a-f0-13b0-3892-b876-65f5-4ec5:8333,16.0
2a01-e11-0-c150-6469-eb13-eaab-5fd8:8333,32.0
2a01-e11-100c-70-cbc8-9e31-4b77-1626:8333,24.25563909774436
2a01-e34-ec0d-8960-1c2d-4ed3-315a-2d8c:8333,28.177419354838708
2a02-1210-6c33-4400-a819-9669-64dc-bd58:8333,17.358695652173914
2a02-13b8-f000-101--a:8333,18.81081081081081
2a02-180-1-1--517-10b6:8333,1624.082621082621
2a02-27ab-0-2--3e1:8333,13.0
2a02-2b88-2-1--69ac-1:8333,65.33988764044943
2a02-2f04-910e-bf00-e445-b8f5-d8c6-627a:8333,39.0
2a02-390-9000-0-aaa1-59ff-fe43-b57b:8333,226.41899441340783
2a02-4780-d-e15c--1:8333,13.766233766233766
2a02-58-1-b--233:8333,14.054794520547945
2a02-7b40-4f62-1e25--1:8333,29.738292011019283
2a02-7b40-50d0-e31f--1:8333,27.8
2a02-7b40-50d1-e77e--1:8333,30.04979253112033
2a02-7b40-5928-89--1:8333,28.65340909090909
2a02-7b40-5928-e6b--1:8333,28.65
2a02-8084-103-6810-1e69-7aff-fea2-1acc:8333,51.06
2a02-810b-10a0-269c-fd89-4467-377-6775:8333,19.44954128440367
2a02-810d-4b3f-e6d4--cf7:8333,27.428571428571427
2a02-842a-1df-8a01-1e1b-dff-fe0b-236d:8333,30.937007874015748
2a02-a44b-a6aa-1-e65-e25c-a5e2-43a3:8333,23.0
2a02-a45a-94cd-f00d--1:8333,13.989010989010989
2a02-a460-505b-1-c505-37a2-c953-2a55:8333,15.68
2a02-a469-2d51-1-921b-eff-fe8c-7975:8333,12.033175355450236
2a02-a46d-36f-1-20d-b9ff-fe4e-6398:8333,14.3125
2a02-af8-fab0-808-85-234-145-132:8333,32.32234432234432
2a02-c205-2015-2475--1:8333,9.863013698630137
2a02-c207-2016-2394--1:8333,13.555194805194805
2a02-c207-2020-1658--1:8333,13.91501416430595
2a02-c207-2024-6115--1:8333,41.74033149171271
2a02-c207-2032-6943--1:8333,10.818941504178273
2a02-c207-2043-1190--1:8333,13.616279069767442
2a02-c207-2078-5599--1:8333,10.833333333333334
2a02-c207-3002-3059--1:8333,14.013698630136986
2a02-c207-3002-8456--1:8333,13.85754189944134
2a02-c207-3008-4592--1:8333,14.649425287356323
2a02-ce0-3800-1a42-599f-e05c-75f6-2a63:8333,126.0
2a02-f48-2000-209-f21f-afff-fee1-541a:8333,64.16666666666667
2a03-4000-56-f77-2898-75ff-fef2-5ce3:8333,2.933333333333333
2a03-4000-5f-d1e-b8a4-1fff-fe30-b99a:8333,2.957654723127036
2a03-4000-f-670--2:8333,3.0972222222222223
2a03-b0c0-1-d0--15-1:8333,22.2
2a03-b0c0-2-d0--df0-d001:8333,16.220338983050848
2a03-b0c0-2-f0--7c-d001:8333,18.310126582278482
2a03-e2c0-1347--2:8333,89.92233009708738
2a04-5200-fff5--160:8333,47.22727272727273
2a05-b40-0-510-ec4-7aff-fe15-ea88:8333,19.363636363636363
2a05-d014-d64-6e00-cfc2-fd8e-c3b0-3547:8333,6.0246913580246915
2a06-e040-7603-2918-c6ef-464e-9fe5-73ec:8333,30.90909090909091
2a0a-c801-1-23-0-242-ac11-3:8333,38.26262626262626
2a0c-5a80-1210-a800-6af7-28ff-fee5-6b3a:8333,48.88709677419355
2a0c-b641-6f0-1000-8000--1:8333,30.0
2a0e-cb01-2a-6d00-522e-a90a-e733-c589:8333,28.555555555555557
2a0f-2a80--10:8333,1036.0164383561644
2a10-3781-16b9-1-fe3f-dbff-fe04-2d4c:8333,12.416666666666666
2a10-3781-2c19--1:8333,12.046153846153846
2ea3hkl6yqahlei35g7pp3k3d5cwq64zrlwyaglmwcf7n6pa3ongpgyd.onion:8333,766.7388888888889
2flujqhy45uxcupeha32vcfh5euzeuvu6euy4ldpq5mjo2dekuvqutid.onion:8333,752.5085714285714
2k5fraucl362u5t72t4bughsw4vib25blwuvmix3bzkvf2my3x4wo3ad.onion:8333,810.3777777777777
2n5h5tq6hnyw4jyqet4z6cwvvfk35iobo5xyydmx65xc7fgktmq5w7id.onion:8333,938.6133333333333
2p33xagt2ytsqgvjn574d237exjdt4tbb4qtb4b5zfolhezxqki4fgid.onion:8333,782.1369863013699
2rrjrwbqezrkknpwgcnw5l7fie4ax66bovhbpvunk6a6322aycaf4cid.onion:8333,869.994708994709
3.0.167.250:8333,170.9814814814815
3.1.201.76:8333,169.41666666666666
3.10.70.38:8333,19.391184573002754
3.113.171.131:8333,254.87301587301587
3.121.203.141:8333,6.027027027027027
3.123.70.97:8333,6.206896551724138
3.129.65.226:8333,100.0909090909091
3.136.29.197:8333,125.12602739726027
3.137.207.42:8333,99.57894736842105
3.138.188.154:8333,99.84210526315789
3.140.194.136:8333,100.41176470588235
3.142.225.219:8333,99.84210526315789
3.143.0.89:8333,100.06010928961749
3.16.175.255:8333,101.11111111111111
3.16.197.86:48333,99.40163934426229
3.17.142.163:8333,99.63561643835617
3.18.101.80:8333,100.30054644808743
3.208.33.179:8333,98.86538461538461
3.21.234.35:8333,100.52892561983471
3.21.24.45:8333,99.83561643835617
3.214.190.255:8333,98.25753424657535
3.231.141.22:8333,3091.8627450980393
3.231.24.151:8333,97.75482093663912
3.234.251.85:8333,97.15977961432507
3.35.1.75:8333,265.4065934065934
3.35.40.175:8333,261.69444444444446
3.37.231.206:8333,264.72527472527474
3.76.62.192:8333,5.5
3.83.51.207:8333,92.3
31.170.86.245:8333,148.66666666666666
31.171.251.35:8333,53.32963988919668
31.18.82.201:8333,31.317460317460316
31.193.136.80:8333,19.934782608695652
31.193.174.215:8333,72.87845303867404
31.201.22.208:8333,26.604444444444443
31.208.71.226:8333,41.25
31.215.7.94:8333,123.92857142857143
31.25.241.224:8335,62.42896174863388
31.42.184.29:8333,34.61813186813187
31.47.202.112:8333,23.12295081967213
32.214.183.114:8333,132.43055555555554
32begxum7r4rmxskuujkifrw5472aa24uugocgkfgf7qqhxsnhfiq7ad.onion:8333,741.3529411764706
34.101.132.198:8333,210.75
34.106.249.67:8333,134.94117647058823
34.125.237.161:8333,151.25
34.136.171.109:8333,115.24
34.136.47.143:8333,112.89097744360902
34.139.94.31:8333,103.23529411764706
34.148.32.169:8333,103.0
34.155.42.253:8333,15.75
34.172.31.246:8333,433.4166666666667
34.207.108.183:8333,96.26896551724138
34.213.86.84:8333,168.59146341463415
34.226.136.24:8333,99.22739726027397
34.239.226.32:8333,95.54430379746836
34.247.39.125:5001,28.075
34.248.89.128:8333,28.225806451612904
34.65.45.157:8333,11.50909090909091
34.66.56.183:8333,114.0
34.67.169.189:8333,115.44897959183673
34.68.253.160:8333,114.97142857142858
34.70.138.19:8333,112.78688524590164
34.71.25.216:8333,115.0
34.74.178.245:8333,105.50526315789473
34.78.180.55:8333,14.25925925925926
34.80.134.68:8333,255.76363636363635
34.82.201.104:8333,148.08333333333334
34.87.53.100:8333,197.65
34.87.61.90:8333,197.87755102040816
34.89.204.82:8333,5.083333333333333
34.93.206.77:8333,137.63636363636363
34.97.148.44:8333,246.7
34.97.22.229:8333,246.9056603773585
35.140.99.74:8333,130.52763819095478
35.157.115.37:8333,6.0
35.170.15.41:8333,97.86486486486487
35.173.47.113:8333,98.38736263736264
35.177.121.42:8333,20.144444444444446
35.183.224.58:8333,90.97289156626506
35.183.241.79:8333,91.88461538461539
35.184.149.162:8333,112.20110192837465
35.195.234.115:8333,12.26027397260274
35.198.209.5:8333,197.03669724770643
35.201.13.82:8333,284.0987654320988
35.208.243.70:8333,125.04371584699453
35.211.2.103:8333,110.19060773480663
35.223.39.198:8333,114.9
35.224.196.150:8333,114.48648648648648
35.227.99.153:8333,102.17777777777778
35.231.1.172:8333,102.55882352941177
35.237.254.241:8333,123.17403314917127
35.237.92.187:8333,101.76243093922652
35.243.99.49:8333,237.26923076923077
35.245.234.76:8333,92.15
35.78.71.87:8333,245.62857142857143
35.87.84.237:8333,193.44444444444446
35.89.66.126:8333,193.07407407407408
35.92.14.231:8333,197.03703703703704
35.93.53.254:8333,179.6
37.120.155.34:8333,23.110714285714284
37.120.175.33:8333,3.0721649484536084
37.120.179.29:8333,3.0136054421768708
37.143.118.174:8333,28.039106145251395
37.15.60.144:8333,63.049180327868854
37.187.102.142:8333,15.194520547945206
37.187.118.29:8333,15.374570446735396
37.187.129.27:8333,14.013698630136986
37.187.130.92:8333,14.237341772151899
37.209.27.161:8333,17.182539682539684
37.59.47.27:8333,13.117808219178082
37.59.53.126:9333,13.129476584022038
37.61.219.34:8333,55.134246575342466
37.97.253.219:8333,12.0
37wyhxiatm7zzc7lb7sjurbcl3zpm33s7befxddzyf7kqpinjon5hlqd.onion:8333,761.0797101449275
38.114.113.51:8333,133.24107142857142
38.128.229.252:8333,113.83333333333333
38.141.134.140:8333,112.58529411764705
38.242.130.244:8333,18.392592592592592
38.242.157.43:8333,53.595238095238095
38.242.242.109:8333,19.560606060606062
38.87.54.163:8333,109.60714285714286
39.104.20.163:8333,243.1090909090909
39.106.229.113:8333,225.49519230769232
3agbdvmp4iyo4rpdygeedidpbon5txv4efo2xxvqbzr22puwtjywtqid.onion:8333,600.2327044025158
3dqk7tzfjtasfdouwizp3zouax6vc7bojqvecin3k64sxnhdsdcoijad.onion:8333,1245.1985294117646
3ejuweecask5bzofgi2icszj6sakrnykoowhuugz7aaxysensbdoteqd.onion:8333,692.7021276595744
3js45z4avjodpniazgol3ulqunay5wj4hnp2ph35fv7yap5t3oiq2lqd.onion:8333,635.5882352941177
3og62hikweluqldb5l5lq5fe6t6ft5dvhsgcjpgoipbpk7vygceitlyd.onion:8333,682.5692307692308
3vyafgiproiu446vmxlzj6xwop7lirmcmldethkl24mx5cluxt6wajid.onion:8333,687.991935483871
3ztdhqyeoavvrpdxhh6mnfsatb2naqhdvhw5qbtw4odtntuls3z5s5qd.onion:8333,722.3521126760563
40.131.177.124:8333,130.52
40.71.41.208:8333,90.9068493150685
41.72.154.66:8333,187.9927536231884
44.198.193.18:8333,95.02877697841727
44.204.132.152:8333,97.76
44.236.22.49:8333,168.41610738255034
45.132.117.162:8333,31.0327868852459
45.132.158.199:8333,20.56418918918919
45.137.90.225:8333,15.068085106382979
45.142.235.122:55544,14.647058823529411
45.147.229.94:8333,5.0
45.151.123.96:8333,14.976190476190476
45.151.125.238:8333,36.54371584699454
45.157.177.82:8333,2.6865671641791047
45.157.179.2:8333,2.8282828282828283
45.162.229.131:44218,324.4761904761905
45.227.253.58:8333,12.862745098039216
45.30.23.187:8333,120.73529411764706
45.32.235.160:8333,12.605947955390334
45.32.239.148:8333,12.262626262626263
45.32.246.116:8333,273.0
45.33.49.177:8333,153.7377049180328
45.33.71.148:8333,86.54545454545455
45.44.136.73:8333,120.21739130434783
45.46.177.180:8333,119.91836734693878
45.50.46.221:8333,168.683908045977
45.55.47.232:8333,85.6096866096866
45.63.30.126:8333,285.4066666666667
45.63.54.13:8333,147.8434065934066
45.76.32.61:8333,12.591780821917808
45.77.251.71:8333,220.62091503267973
45.79.68.104:8333,154.53424657534248
45.83.241.46:8333,14.540816326530612
45.83.90.149:63553,25.047619047619047
45.84.153.40:8333,40.53125
45.85.117.106:8333,13.153846153846153
46.101.119.30:8333,5.328729281767956
46.101.185.142:8333,5.0
46.101.217.186:8233,5.029239766081871
46.101.226.97:8332,5.035714285714286
46.101.25.224:8332,21.03076923076923
46.101.252.51:8333,265.08815426997245
46.101.62.88:8333,54.10793650793651
46.105.101.28:8333,13.293296089385475
46.105.117.212:8333,13.723287671232876
46.105.76.211:8333,22.677419354838708
46.128.143.137:8333,24.0
46.137.25.241:5001,29.01948051948052
46.148.235.36:8333,40.64730290456431
46.150.171.42:8333,44.78787878787879
46.160.202.162:8333,42.89787234042553
46.166.138.203:8333,15.893150684931507
46.172.234.97:8333,36.25
46.175.178.3:8333,1091.018691588785
46.183.236.254:8333,16.59360730593607
46.188.104.91:8333,38.9
46.188.126.74:8333,39.1219512195122
46.188.15.6:8333,39.4180790960452
46.188.59.24:8333,40.21673003802282
46.223.220.254:8333,18.214285714285715
46.223.220.54:8333,21.333333333333332
46.229.165.142:8333,98.27049180327869
46.23.87.218:8333,12.183060109289617
46.29.19.25:8333,43.73626373626374
46.4.112.164:8333,13.224
47.100.162.210:18332,222.0169971671388
47.145.220.215:8333,155.231884057971
47.146.30.205:8333,157.91666666666666
47.153.165.238:8333,156.03846153846155
47.153.6.74:8333,161.70394736842104
47.156.137.159:8333,319.5
47.160.63.51:8333,259.0
47.185.153.119:8333,141.32631578947368
47.188.230.76:8333,127.08791208791209
47.197.97.213:8333,139.53488372093022
47.201.4.169:8333,136.0625
47.221.252.141:8333,137.72357723577235
47.241.190.106:8333,163.9753424657534
47.242.123.146:8333,229.6027777777778
47.242.155.113:8333,204.33928571428572
47.25.16.247:8333,152.52727272727273
47.254.131.104:8333,5.846153846153846
47.254.150.16:8333,6.306010928961749
47.254.45.175:8333,149.46153846153845
47.52.201.10:8333,233.01119402985074
47.6.162.202:8333,197.9655172413793
47.7.32.37:8333,141.4503311258278
47.7.42.157:8333,203.86666666666667
47.88.24.8:8333,151.83892617449663
47.88.86.56:8333,151.5686813186813
47.91.253.239:8333,233.88154269972452
47.91.76.18:8333,5.846153846153846
49.12.203.56:8333,3.0
49.12.204.75:8333,3.2472527472527473
49.12.85.232:8333,1.1723163841807909
49.228.131.133:2210,240.89247311827958
4d6o6xe3tm3oghlse2m5n2o2eeoronwc4nmapa3impsb5k2xhzlgmayd.onion:8333,763.755868544601
4p26d7defsis7lx5h7px7zycdttx6o56nu6sh6vlvf7bjcoadhdp3syd.onion:8333,796.9020979020979
4s7rjkcqa2cyksb67fktcflxgdocd2ze2auckrp66ipys3g77xiapaqd.onion:8333,956.5430463576159
4ta6xoswlk6borw2otwexc4rkxy4rx63vlp2b54dru7cwxi26fxjuhid.onion:8333,1230.6315789473683
4vyyn45ex7h57yukdpur4f6tzeuybj7ob24gnuetmndeuyhep3xcdhyd.onion:8333,934.1222222222223
4wmuv2vy2prgrjwv5eo6stvdwoqdril43wnld5cgcbtnf7stmjiedrqd.onion:8333,890.6089743589744
4zlzkb3djfi3ve6mpwabak2tdibsih3xfj2fnjq7b6actvmzqnknb4qd.onion:8333,707.3357664233577
5.102.165.38:8333,32.705882352941174
5.128.87.126:8333,85.41436464088397
5.133.65.82:8333,30.01416430594901
5.135.186.15:8333,13.819718309859155
5.14.106.94:8333,41.76744186046512
5.14.19.0:8333,41.37313432835821
5.140.228.82:8333,73.4
5.144.84.87:8333,23.645631067961165
5.144.88.83:8333,12.259615384615385
5.144.91.27:8333,12.374407582938389
5.147.9.230:8333,21.321428571428573
5.15.31.21:8333,34.84848484848485
5.172.132.104:8333,29.904382470119522
5.182.36.195:8333,20.30263157894737
5.183.213.41:8333,21.0
5.188.104.245:8335,38.336633663366335
5.189.147.209:8333,127.66666666666667
5.189.173.197:8333,250.08219178082192
5.189.187.89:8333,22.600550964187327
5.196.72.70:8333,14.0
5.199.170.60:8333,31.25
5.200.2.180:8333,20.57718120805369
5.22.209.138:8333,11.26126126126126
5.22.223.165:8333,29.92
5.230.29.9:8333,6.078512396694215
5.255.98.79:8333,12.853896103896103
5.39.169.117:9333,11.021857923497267
5.43.228.110:8333,18.027397260273972
5.45.73.13:8333,17.5
5.45.77.220:8333,13.069832402234637
5.51.60.216:8333,24.328
5.53.16.128:8333,77.18987341772151
5.75.133.1:8333,3.0
5.75.138.196:8333,3.0
5.9.5.135:8333,1.037914691943128
5.9.54.150:8333,58.955357142857146
50.110.222.106:8333,102.45454545454545
50.113.86.43:8333,169.07894736842104
50.116.42.61:8333,335.359375
50.118.182.205:8333,438.4
50.118.182.206:8333,634.6666666666666
50.127.7.42:8333,117.24074074074075
50.158.230.158:8333,157.78947368421052
50.194.51.141:8333,180.34848484848484
50.2.13.164:8333,126.38356164383562
50.21.167.161:8333,99.36444444444444
50.210.93.170:8333,115.94897959183673
50.220.121.222:6000,115.77777777777777
50.231.174.76:8333,120.4424778761062
50.32.139.247:8333,121.5
50.39.164.136:8333,175.5
50.53.250.162:8333,186.48104956268222
50.53.3.77:8333,174.375
50.68.104.92:8333,191.4248366013072
50.68.7.119:8333,169.8955223880597
50.7.177.58:8333,20.03030303030303
50.71.180.197:8333,158.61428571428573
51.15.177.162:7907,16.880434782608695
51.154.4.160:8333,19.666666666666668
51.155.168.6:8333,28.98076923076923
51.158.144.140:8333,17.980821917808218
51.158.150.155:8333,30.48901098901099
51.158.154.17:8333,11.75
51.159.76.55:8333,16.07777777777778
51.161.115.135:8333,94.68055555555556
51.161.36.145:8333,94.17079889807162
51.195.234.88:8333,16.946927374301676
51.195.240.159:8333,30.677966101694917
51.210.117.119:8333,14.12037037037037
51.210.61.169:8333,13.25068870523416
51.222.152.238:8333,93.37853107344633
51.222.152.238:8339,94.18497109826589
51.222.244.56:8333,93.5
51.254.199.134:8333,13.11049723756906
51.255.87.121:8339,13.453551912568306
51.75.145.71:8333,6.30327868852459
51.75.16.232:8333,14.24436090225564
51.75.242.135:8333,13.565573770491802
51.77.119.85:8333,17.05982905982906
51.77.152.20:8333,13.629834254143647
51.79.18.97:8333,95.34972677595628
51.79.74.99:8333,94.47368421052632
51.79.80.166:8333,93.81385281385282
51.81.109.67:8333,93.20547945205479
51.81.244.143:30034,157.27304964539007
51.81.73.189:8333,94.0359477124183
51.83.140.89:8333,24.14569536423841
51.83.237.20:8333,24.495890410958904
51.89.194.158:8333,17.092896174863387
51.89.217.34:8333,17.088154269972453
51.89.235.94:8333,17.51098901098901
51.91.94.23:8333,13.246575342465754
52.0.32.203:8333,97.48387096774194
52.14.228.241:8333,100.26315789473684
52.144.88.199:8333,24.4
52.15.123.17:8333,100.21428571428571
52.15.138.15:8333,99.50980392156863
52.15.79.189:48333,99.46835443037975
52.185.160.51:8333,221.55555555555554
52.194.111.32:8333,258.9166666666667
52.196.1.52:8333,245.3896103896104
52.205.232.109:8333,99.46849315068494
52.221.186.182:8333,174.9556786703601
52.27.151.162:8333,176.11309523809524
52.30.206.240:8333,28.875862068965517
52.30.59.5:8333,28.0
52.47.198.36:8333,14.06046511627907
52.54.44.109:8333,97.55890410958904
52.55.10.156:8333,99.80891719745223
52.58.158.158:8333,5.881147540983607
52.63.77.248:8333,292.65168539325845
52.77.156.14:8333,173.6346153846154
52.78.43.216:8333,268.3448275862069
52.78.60.35:8333,265.02465753424656
52.89.56.225:8333,195.92592592592592
54.164.132.119:8333,96.3076923076923
54.170.173.13:8333,28.333333333333332
54.176.63.16:8333,166.53825136612022
54.179.17.66:8333,177.26592797783934
54.183.155.178:8333,170.78403755868544
54.184.216.137:8333,192.0
54.194.151.207:8333,32.0
54.194.246.117:8333,28.60989010989011
54.195.23.253:8333,28.21951219512195
54.200.236.157:8333,187.0
54.215.204.136:8333,167.07692307692307
54.218.75.112:8333,170.29508196721312
54.228.128.82:8333,28.510928961748633
54.235.239.167:8333,96.3030303030303
54.241.71.39:8333,511.82111436950146
54.36.165.192:8333,17.35792349726776
54.36.62.114:8253,13.53551912568306
54.37.110.90:8333,13.6
54.37.9.164:8333,8.248633879781421
54.39.129.214:8333,94.38630136986302
54.64.103.190:8333,246.97093023255815
54.71.75.214:8333,188.5185185185185
54.72.249.230:8333,27.92105263157895
54.74.135.208:8333,28.67676767676768
54.89.143.175:8333,95.96396396396396
54.91.202.135:8333,97.86363636363636
54.93.244.144:8333,5.865753424657535
58.229.122.247:8333,245.4814814814815
5bpxgjdw4cucjipsatnxz6udtyod25uahxu52xvgfhz4mqmixed3goad.onion:8333,505.22926829268295
5h2o3zmo2cohjezccmxvpreuhx4gew7vp36smlhhohplr6uxxqd725yd.onion:8333,796.2333333333333
5od56tuvru6yomxwcbi7qxv6dm5isgafafo3zq7hmjfw36ufrwbpcgad.onion:8333,797.8529411764706
5rdmpwkibkqwzeggiq3zb52f5wepzp4frck6gqfeaukgkjziglu2gwid.onion:8333,708.3630952380952
5uhefknn6llrz6mwmitpo7jhix52ininoyoyvxk2cojoghlv63b6f2id.onion:8333,712.8378378378378
60.205.205.119:8333,226.18579234972677
60.205.226.185:8333,225.65745856353593
60.225.148.220:8333,322.62857142857143
60.227.238.20:8333,316.25
60.240.169.78:8333,320.1818181818182
61.26.90.62:8333,253.9646017699115
61.74.99.193:8333,276.64864864864865
62.169.74.233:8333,74.90291262135922
62.171.129.32:8333,14.961643835616439
62.171.130.134:8333,13.619217081850534
62.171.137.184:8333,9.416666666666666
62.194.215.158:8333,23.666666666666668
62.210.129.123:8333,14.908333333333333
62.210.222.73:8333,14.805479452054794
62.245.153.8:8333,10.261538461538462
62.38.144.238:8333,54.57142857142857
62.75.216.136:8333,9.907103825136613
63.227.116.162:8333,138.8099173553719
63.247.147.166:8333,130.24362606232296
63.250.36.100:8333,145.46174863387978
63.33.205.136:8333,28.42105263157895
63.33.45.187:8333,28.78181818181818
64.121.196.114:8333,98.83236994219654
64.148.228.42:8333,115.01098901098901
64.201.90.254:8333,115.86363636363636
64.225.19.231:8333,82.75966850828729
64.225.71.231:8333,17.373417721518987
64.225.74.251:8333,18.822085889570552
64.227.26.97:8333,82.57808219178082
64.227.97.247:8333,165.96438356164384
64.71.74.75:8333,127.5909090909091
65.1.233.229:8333,121.6067415730337
65.108.10.112:8333,26.089605734767026
65.108.102.92:8333,25.0
65.108.128.153:8333,25.34285714285714
65.108.129.241:8333,25.282758620689656
65.108.14.228:8333,25.34375
65.108.150.147:8333,25.365853658536587
65.108.195.203:8333,25.24137931034483
65.108.197.101:8333,25.613861386138613
65.108.204.27:8333,25.46875
65.108.57.234:8333,25.705426356589147
65.108.59.77:8333,138.38317757009347
65.108.68.37:8333,29.185185185185187
65.108.75.18:8333,25.65573770491803
65.108.78.180:8333,25.384615384615383
65.108.79.47:20002,26.152298850574713
65.109.24.172:8333,25.305555555555557
65.21.129.222:20008,25.17094017094017
65.21.198.57:8333,27.192200557103064
65.21.225.184:8333,26.199395770392748
65.21.237.67:10011,26.347014925373134
65.21.32.155:8333,26.066420664206642
65.21.89.93:8433,25.323943661971832
65.21.91.58:8333,25.38317757009346
65.21.93.21:8333,25.52173913043478
65.25.90.77:8333,151.85714285714286
66.165.225.130:8333,150.27123287671233
66.18.13.162:8333,123.01724137931035
66.183.0.205:8333,167.3846153846154
66.190.82.131:8333,130.625
66.203.178.176:8333,118.07650273224044
66.203.208.244:8333,99.69902912621359
66.230.244.43:8333,118.35714285714286
66.234.42.91:8333,106.21686746987952
66.29.128.158:8333,156.53424657534248
66.29.156.127:8333,159.05785123966942
66.30.117.230:8333,117.39393939393939
66.38.94.13:8333,115.80952380952381
66.42.110.31:8333,152.4814814814815
66.42.76.202:8333,163.14678899082568
66.49.204.11:8333,106.05154639175258
66.85.130.202:8333,144.11748633879782
66.85.234.129:8333,119.9696132596685
666io6zdtnr2wpspvwrbn3u5nhmnhfack7tiraluzm5lx5ywcxburxyd.onion:8333,808.0188679245283
67.10.61.12:8333,142.70247933884298
67.162.108.73:8333,134.85526315789474
67.164.40.51:8333,169.0
67.186.244.175:8333,164.28571428571428
67.2.62.2:8333,154.30769230769232
67.205.154.115:8333,84.83333333333333
67.253.199.130:8333,130.4318181818182
68.102.119.20:8333,130.94444444444446
68.114.131.206:8333,137.5151515151515
68.129.31.123:8333,100.21428571428571
68.174.154.161:8333,112.52
68.183.146.151:8333,83.00277777777778
68.183.210.111:6333,5.0508474576271185
68.183.230.10:8333,182.79166666666666
68.184.56.33:8333,148.23076923076923
68.184.60.17:8333,137.0245398773006
68.185.178.209:8333,158.33333333333334
68.2.240.67:8333,169.03825136612022
68.224.246.130:8333,251.0
68.237.206.35:8333,102.27272727272727
68.36.233.82:8333,215.79768786127167
68.39.190.185:8333,129.7906976744186
68.41.31.115:8333,118.52571428571429
68.49.187.88:8333,124.94017094017094
68.75.195.2:8333,120.40444444444445
69.137.140.197:8333,110.18032786885246
69.140.193.244:8333,119.88349514563107
69.164.196.239:8333,131.6011235955056
69.172.165.57:8333,226.92307692307693
69.209.100.99:8333,156.19672131147541
69.244.48.193:8333,174.39080459770116
69.245.215.55:8333,170.91975308641975
69.245.252.46:8333,126.18382352941177
69.54.29.193:8333,112.66666666666667
69.59.18.22:8333,130.70491803278688
69.84.99.202:8333,128.71428571428572
6jfczbggmxc4gg6hazedkuynjszhumieakgwycyhzqxpsjr3kndlixyd.onion:8333,554.8924731182796
6z6vyvif2rlrliokwruknkplrkcsso4xzi624oz2yloswqgfsuorkqyd.onion:8333,911.8333333333334
70.106.187.138:8333,100.11111111111111
70.107.92.177:8333,98.16666666666667
70.123.249.169:8333,145.5
70.125.9.48:8333,142.91666666666666
70.127.159.115:8333,137.45
70.160.240.132:8333,101.24380165289256
70.177.177.137:8333,166.6153846153846
70.179.170.20:8333,154.58333333333334
70.186.121.250:8333,130.78571428571428
70.187.173.94:8333,166.9433962264151
70.189.199.211:8333,156.05982905982907
70.251.209.207:8333,125.73877551020408
70.26.150.107:8333,115.72222222222223
70.35.98.12:8333,120.57714285714286
70.66.248.170:8333,173.4047619047619
71.114.103.227:8333,101.34920634920636
71.115.139.170:8333,218.49180327868854
71.120.22.174:8333,98.25
71.14.114.208:8333,121.51063829787235
71.146.114.111:8333,130.89117647058825
71.182.227.239:8333,104.82352941176471
71.183.187.113:8333,104.84210526315789
71.185.208.163:8333,99.8
71.206.16.130:8333,113.43137254901961
71.214.174.38:8333,122.0
71.236.180.104:8333,229.141592920354
71.247.214.152:8333,126.32786885245902
71.57.215.156:8333,112.90625
71.57.251.19:8333,130.41477272727272
71.70.168.227:8333,128.3298969072165
71.95.78.225:8333,139.0
72.135.249.249:8333,130.21069182389937
72.177.87.97:8333,143.30434782608697
72.183.151.103:8160,146.52173913043478
72.187.232.197:8333,124.6
72.196.119.116:8333,118.95316804407713
72.201.240.100:8333,163.38888888888889
72.211.199.165:8333,168.0
72.217.10.12:8333,166.83333333333334
72.220.26.250:8333,176.75
72.234.58.121:8333,264.6607142857143
72.235.249.210:8333,249.41538461538462
72.238.229.21:8333,126.34985422740525
72.49.124.230:8333,115.06106870229007
72.70.61.15:8333,106.75
72.74.161.55:8333,115.0
72.76.209.245:8333,105.28
72.82.9.98:8333,108.26190476190476
72.95.19.38:8333,112.91275167785236
73.11.44.170:8333,2013.1176470588234
73.110.10.52:8333,135.67567567567568
73.110.249.14:8333,129.2982456140351
73.110.98.123:8333,889.1780821917808
73.111.229.10:8333,156.45580110497238
73.114.40.246:8333,111.21223021582733
73.117.132.138:8333,128.72471910112358
73.118.237.177:8333,171.90322580645162
73.146.83.61:8333,141.21428571428572
73.15.230.170:8333,173.8
73.154.95.140:8333,127.35632183908046
73.155.239.102:8333,137.26027397260273
73.158.47.221:8333,168.0
73.170.145.37:8333,193.52747252747253
73.176.158.102:8333,632.0
73.200.139.162:8335,110.64657534246575
73.211.134.215:8333,126.09116022099448
73.213.113.91:8333,120.4795918367347
73.243.185.14:8333,703.0493827160494
73.25.105.72:8333,169.74074074074073
73.39.176.32:8333,109.44444444444444
73.47.105.99:8333,111.13888888888889
73.49.172.46:8333,137.13793103448276
73.5.87.36:8333,158.90625
73.57.118.51:8333,328.89130434782606
73.67.133.25:8333,182.0
73.81.219.209:8333,108.52173913043478
73.88.85.234:8333,188.6909090909091
73tcryjfsqxsgw3xys3d6ega5r54qldhrxqu2haqkssnwg2o5vu4rmad.onion:8333,788.4864864864865
74.101.205.254:8333,99.33823529411765
74.108.65.9:8333,94.8
74.195.166.100:8333,139.5654761904762
74.195.166.100:8334,139.43373493975903
74.208.90.49:8333,130.3190883190883
74.213.175.108:8333,93.80319148936171
74.69.235.103:8333,152.7972972972973
74.71.167.116:8333,122.3157894736842
74.76.151.110:8333,129.63302752293578
75.118.19.141:8333,130.02083333333334
75.132.67.12:8333,140.46428571428572
75.161.42.100:8333,157.5
75.40.189.179:8333,133.9388379204893
75.46.245.191:8333,119.16326530612245
75.60.102.110:8333,133.23333333333332
75.71.7.28:8333,149.8695652173913
75.80.128.148:8333,177.86075949367088
75.84.35.29:8333,167.70882352941177
76.103.7.22:8333,169.69379844961242
76.108.232.35:8333,140.03125
76.110.75.88:8333,156.68421052631578
76.112.46.181:8333,125.58
76.128.131.63:8333,130.0
76.129.93.187:8333,158.66666666666666
76.136.16.85:8333,127.72222222222223
76.141.47.45:8333,123.0
76.143.234.220:8333,134.625
76.146.153.93:8333,171.5
76.173.102.235:8333,222.13
76.181.171.23:8333,132.3170731707317
76.199.97.58:8333,130.33544303797467
76.251.4.188:8333,112.07407407407408
76.27.39.124:8333,155.0
76.28.2.154:8333,116.05882352941177
76.64.205.121:8333,109.3
76.67.202.152:8333,101.42465753424658
76.69.98.146:8333,101.83333333333333
76.73.248.153:8333,123.9888888888889
76.90.74.231:8333,179.39583333333334
77.10.193.48:8333,18.0
77.101.104.238:8333,196.05882352941177
77.120.122.9:8433,30.048076923076923
77.161.103.188:8333,16.14406779661017
77.163.90.210:8333,15.0
77.166.139.117:8333,21.49342105263158
77.166.197.244:8333,21.453333333333333
77.166.60.202:8333,24.743362831858406
77.173.102.204:8333,18.278688524590162
77.173.132.140:8333,17.182291666666668
77.174.171.11:8333,20.183098591549296
77.201.74.13:8333,23.0979381443299
77.21.161.65:8333,23.744604316546763
77.221.211.137:8333,82.83333333333333
77.223.121.184:8333,43.609756097560975
77.235.164.171:8333,8.0
77.239.45.186:8333,22.89071038251366
77.247.179.44:8333,11.807365439093484
77.254.242.213:8333,19.24137931034483
77.37.212.122:8333,44.5
77.53.135.74:8333,27.674033149171272
77.56.68.181:8333,44.18032786885246
77.57.53.115:8333,25.071428571428573
77.58.160.43:8333,35.89041095890411
77.72.144.197:8333,22.940594059405942
77.74.80.44:8333,19.604395604395606
78.134.80.231:8333,372.1363636363636
78.141.105.77:8333,23.560606060606062
78.153.235.174:8333,33.6
78.21.167.8:8333,30.313186813186814
78.231.131.6:8333,35.775956284153004
78.40.244.243:8333,24.103571428571428
78.42.72.59:8333,19.375
78.46.191.14:8333,1.112044817927171
78.47.106.229:8333,3.6933701657458564
78.47.147.220:8333,3.484931506849315
78.47.218.143:8333,3.2615384615384615
78.47.253.202:8333,3.0
78.47.95.170:8333,3.0
78.61.200.204:8333,30.741573033707866
78.68.162.87:8333,28.045454545454547
78.94.255.174:8333,16.405479452054795
78.99.167.187:8333,28.333333333333332
79.101.1.25:8333,33.95068493150685
79.113.218.233:8333,36.125
79.116.29.93:8333,40.0
79.116.37.184:8333,370.0
79.124.7.241:8333,28.906976744186046
79.137.115.56:8333,13.79945054945055
79.161.17.107:8333,30.5
79.184.189.10:8333,38.6
79.207.255.162:8333,15.869565217391305
79.217.27.16:8333,14.883720930232558
79.242.40.170:8333,17.0
79.249.1.168:8333,9.523809523809524
79.77.133.30:8333,51.62078651685393
79.77.182.182:8333,271.69934640522877
79.98.159.7:8333,18.212707182320443
7bnnjsqvhfuvzsryba6xd63i2jpkx6s4uwmzfbiz4tn7kw3o3t7rp6id.onion:8333,1029.7207207207207
7jnvrjzzirffe2gk37cablnk7ptpbszkzcwllpe5xd4p7idj5kmwteid.onion:8333,912.6648044692737
7tesg6yiuobohhwxgmlh6w53t74qctal6fe777r3e7ymupew4ggcxjid.onion:8333,989.7647058823529
8.129.184.255:8333,197.19205298013244
8.209.108.240:8333,5.821917808219178
8.209.70.77:8333,6.065573770491803
8.210.18.56:8333,218.55191256830602
8.210.92.32:8333,220.12429378531073
80.114.3.91:8333,47.19512195121951
80.208.227.31:8333,28.0
80.209.231.126:8333,28.010309278350515
80.218.89.42:8333,27.071428571428573
80.229.28.60:8333,47.564245810055866
80.232.247.210:8333,39.46132596685083
80.65.23.139:8333,103.02732240437159
80.78.24.173:8333,23.53846153846154
80.83.186.35:8333,3.237762237762238
80.88.172.227:64264,34.704109589041096
80.94.107.94:8333,102.75
81.169.184.84:8333,15.0
81.171.22.143:8333,13.89344262295082
81.177.159.44:8333,51.56306306306306
81.183.147.182:57080,25.25
81.193.51.227:8333,43.44444444444444
81.198.18.44:8333,36.34
81.2.103.237:8333,38.0
81.2.118.208:8333,30.0
81.204.239.212:8333,13.894736842105264
81.21.86.157:9333,67.51401869158879
81.245.96.36:8333,28.513736263736263
81.28.248.132:8333,30.964285714285715
81.36.64.219:8333,46.8
81.4.110.168:8333,14.178571428571429
81.4.122.192:8333,2043.875
81.44.144.219:8333,45.05882352941177
81.51.176.133:8333,20.363636363636363
81.68.102.34:8333,227.1875
81.84.248.185:8333,54.87793427230047
82.1.68.54:8333,59.602649006622514
82.128.227.224:8333,44.32432432432432
82.128.230.135:8333,32.08888888888889
82.136.95.133:8333,21.470588235294116
82.16.70.66:8333,36.125
82.165.23.226:8333,8.727272727272727
82.181.218.133:8333,44.166666666666664
82.195.237.253:8333,99.74929577464789
82.197.206.139:8333,15.490358126721762
82.197.218.253:8333,13.554913294797688
82.213.228.84:8333,33.0
82.221.131.172:8333,145.1129943502825
82.3.209.61:8333,34.13953488372093
82.39.251.207:8333,36.57692307692308
82.43.134.8:8333,40.369565217391305
82.64.162.213:8333,16.212290502793294
82.64.197.217:8333,21.1
82.65.163.16:8333,23.12012012012012
82.66.171.69:8333,29.05
82.66.197.211:8333,16.10810810810811
82.71.4.154:8333,26.514285714285716
82.73.13.198:8333,27.696969696969695
83.115.2.1:8333,25.88888888888889
83.137.41.10:8333,20.270491803278688
83.144.154.17:8333,52.375
83.171.72.203:8333,49.208333333333336
83.199.48.192:8333,32.44444444444444
83.208.193.242:8333,39.232142857142854
83.208.6.211:8333,24.540983606557376
83.220.114.171:8333,59.26086956521739
83.226.186.108:8333,39.0
83.251.89.50:8333,379.5050505050505
83.53.141.125:8333,47.111111111111114
84.104.14.162:8333,30.456284153005466
84.112.60.16:8333,45.099173553719005
84.118.116.68:8333,23.0
84.128.213.3:8333,10.20754716981132
84.147.108.105:8333,35.375
84.157.200.229:8333,16.77777777777778
84.164.152.201:8333,27.155339805825243
84.212.250.209:8333,38.04
84.217.84.13:8333,42.5
84.246.200.122:8333,154.14600550964187
84.251.160.71:5941,51.31578947368421
84.255.244.61:8333,24.39080459770115
84.40.94.170:8333,33.50322580645161
84.48.91.185:8333,34.0
84.52.98.207:8333,37.770833333333336
84.57.88.243:8333,18.0
84.71.43.180:8333,34.333333333333336
84.73.168.78:8333,45.733333333333334
84.80.143.197:8333,14.065753424657535
84.80.83.160:8333,21.26829268292683
84.85.95.225:8333,14.0
84.86.219.94:8333,27.767441860465116
85.10.203.112:8333,2.980769230769231
85.10.206.119:8333,2.8934426229508197
85.156.144.32:8333,42.56521739130435
85.159.212.4:8333,21.036269430051814
85.166.10.92:8333,41.666666666666664
85.17.131.145:8333,12.341530054644808
85.17.170.33:8333,11.85195530726257
85.173.165.66:8333,72.39779005524862
85.191.28.80:8333,17.666666666666668
85.195.107.254:8333,6.142465753424657
85.196.174.53:8333,32.888888888888886
85.208.51.117:8333,13.75
85.208.69.11:8333,28.6890243902439
85.208.69.13:8333,28.778523489932887
85.208.70.229:8333,24.611570247933884
85.208.71.11:8333,16.181818181818183
85.208.71.31:8333,16.346153846153847
85.214.112.222:8333,33.90909090909091
85.214.123.127:8333,16.3061797752809
85.214.137.225:8333,15.180327868852459
85.214.204.63:8333,15.887362637362637
85.214.242.199:8333,16.282467532467532
85.214.75.150:8333,25.037735849056602
85.214.82.62:8333,34.0
85.216.101.144:8333,19.0
85.234.135.229:8333,17.49484536082474
85.234.145.132:8333,17.69283276450512
85.243.170.111:8333,42.86734693877551
85.255.89.244:8333,29.142857142857142
85.70.179.198:8333,16.267123287671232
86.101.200.121:8333,42.78947368421053
86.111.48.72:8333,34.04597701149425
86.128.146.115:8333,27.0
86.159.115.81:8333,59.964285714285715
86.180.64.233:8333,26.08
86.190.204.9:8333,23.0
86.27.168.189:8333,35.76470588235294
86.28.216.146:8333,39.59375
86.31.33.41:8333,32.0
86.71.47.11:8333,21.87121212121212
86.8.156.19:8333,36.91428571428571
86.8.4.17:8333,46.38053097345133
86.84.198.19:8333,16.264204545454547
86.89.2.205:8333,16.252380952380953
87.106.112.167:8333,5.5588235294117645
87.119.188.12:8333,29.76595744680851
87.121.249.146:8333,262.72222222222223
87.133.109.159:8333,37.319148936170215
87.139.127.162:8333,1119.5
87.208.118.34:8333,18.032258064516128
87.212.61.86:8333,15.0
87.236.195.198:8333,8.80327868852459
87.79.74.190:8333,23.57894736842105
87.98.143.87:8333,13.192837465564738
88.10.173.119:8333,46.87179487179487
88.100.198.253:8333,23.058333333333334
88.112.106.79:8333,32.5
88.137.109.62:8333,19.0
88.142.48.118:8333,18.107142857142858
88.151.101.14:5000,20.46031746031746
88.151.101.253:5000,20.069767441860463
88.198.39.205:8333,3.9972677595628414
88.198.40.131:8333,3.1049723756906076
88.198.54.144:8333,1.152112676056338
88.201.174.52:8333,55.130434782608695
88.82.181.44:8333,158.77064220183487
88.84.222.252:8333,112.8711111111111
88.9.79.162:8333,52.6
88.98.228.69:8333,23.95402298850575
88.99.136.36:8333,1.0106951871657754
88.99.149.100:8333,1.006779661016949
88.99.189.178:8333,3.272727272727273
88.99.192.229:8333,1.0178571428571428
89.110.53.4:8333,46.07977207977208
89.114.143.113:8333,49.448484848484846
89.132.120.107:8333,52.861111111111114
89.149.218.61:8333,11.687919463087248
89.151.215.221:8333,49.4375
89.160.101.213:8333,34.083333333333336
89.163.249.234:3673,77.4
89.176.231.149:8333,17.0
89.176.51.18:8333,26.91176470588235
89.179.127.165:8333,44.083333333333336
89.190.205.131:8333,36.4
89.234.180.194:8333,16.07396449704142
89.236.101.52:8333,38.402234636871505
89.248.193.229:8333,45.70802919708029
89.35.142.168:8333,39.184615384615384
89.35.250.163:8333,114.70652173913044
89.38.99.81:8333,17.64968152866242
89.40.143.228:8333,14.091872791519435
89.47.161.135:8333,266.52734375
89.58.8.97:8333,2.965811965811966
90.146.130.214:8333,24.403361344537814
90.146.208.162:8333,31.608069164265128
90.157.197.48:8333,22.124444444444446
90.162.37.20:8333,43.57692307692308
90.188.248.206:8333,102.66666666666667
90.50.202.185:8333,30.742424242424242
90.63.115.187:8333,19.07843137254902
90.89.102.59:8333,30.61111111111111
91.121.108.164:8333,13.791780821917808
91.121.163.195:8333,13.464285714285714
91.121.177.212:8333,13.202127659574469
91.121.50.226:8333,13.220588235294118
91.134.145.202:8333,16.871584699453553
91.147.232.98:8333,32.9002849002849
91.158.68.128:8333,30.6448087431694
91.176.59.239:8333,692.8681318681319
91.185.198.201:8333,17.50526315789474
91.193.237.116:8333,42.4375
91.199.41.45:8333,610.2222222222222
91.206.15.31:8333,150.0204081632653
91.206.16.214:11080,70.4438202247191
91.209.51.131:8333,36.32112676056338
91.210.183.14:8333,26.16346153846154
91.216.149.28:8333,34.82644628099174
91.218.62.55:8333,21.0
91.231.182.136:8333,30.0
91.232.105.196:8333,17.57632398753894
91.239.130.62:8333,5.027777777777778
91.39.225.108:8333,15.0
91.89.249.47:8333,16.666666666666668
91.92.144.226:8333,29.925619834710744
91.93.194.154:8333,39.22769230769231
91.96.65.104:8333,24.0
92.110.107.227:8333,24.771428571428572
92.116.34.198:8333,18.0
92.145.201.85:8333,24.682539682539684
92.204.40.25:8333,8.052631578947368
92.237.239.64:8333,522.1046831955923
92.255.85.31:8333,40.0
92.35.77.232:8333,36.111111111111114
92.42.110.214:8333,8.147222222222222
92.42.110.242:8333,8.476712328767123
92.58.171.140:8333,445.2151394422311
93.107.234.89:8333,38.62645914396887
93.109.100.61:8333,62.92307692307692
93.115.28.70:8333,37.666666666666664
93.115.28.92:8333,37.778082191780825
93.115.29.41:8333,36.92857142857143
93.123.180.36:8333,42.4
93.138.13.198:8333,19.0
93.16.43.241:8333,32.352777777777774
93.176.171.87:8333,36.0
93.177.82.226:8333,59.37604456824513
93.180.51.51:8333,44.0
93.190.140.14:8333,15.71311475409836
93.190.142.127:8333,17.235616438356164
93.190.143.76:8333,15.527131782945736
93.225.60.51:8333,21.071428571428573
93.238.39.1:8333,4.5
93.43.231.1:8333,16.674157303370787
93.95.102.81:8333,43.717451523545705
93.95.88.13:8333,26.78466076696165
94.110.97.196:8333,30.5
94.112.236.182:8333,15.55
94.130.110.224:8333,3.293150684931507
94.130.57.196:8333,3.3579234972677594
94.130.69.46:8333,1.0096463022508038
94.130.71.31:8333,1.0085470085470085
94.130.84.44:8333,2.750684931506849
94.155.50.149:8333,29.55785123966942
94.177.8.76:8333,11.071428571428571
94.19.128.204:8333,47.89351851851852
94.19.7.55:8333,60.97260273972603
94.209.120.113:8333,28.923076923076923
94.224.160.139:8333,30.272727272727273
94.23.218.124:8333,13.20138888888889
94.23.247.135:8333,13.200657894736842
94.23.33.130:8333,13.240437158469945
94.79.218.222:8333,135.05405405405406
95.105.186.195:8333,21.708333333333332
95.105.236.223:8333,19.0
95.110.133.223:8333,25.173669467787114
95.111.235.189:8333,13.603305785123966
95.111.247.227:8333,8.382978723404255
95.142.173.153:8333,17.952513966480446
95.167.180.230:8333,59.61764705882353
95.168.162.24:8333,11.83882783882784
95.169.196.247:8333,28.333333333333332
95.179.216.148:8333,75.52331606217616
95.183.54.17:8333,11.623931623931623
95.208.175.73:8333,21.58974358974359
95.211.152.100:8333,12.121771217712178
95.213.145.218:8333,42.512328767123286
95.214.53.154:8333,25.93169398907104
95.214.53.160:8333,54.690184049079754
95.216.187.94:8333,26.389041095890413
95.216.24.161:8333,26.074074074074073
95.216.245.175:8333,25.944649446494466
95.216.3.111:8333,26.311977715877436
95.216.32.13:8333,25.816326530612244
95.216.6.48:8333,25.2
95.216.66.24:8333,26.016438356164382
95.216.9.186:8333,25.76086956521739
95.216.96.167:8333,26.068493150684933
95.216.96.93:8333,26.256830601092897
95.217.107.167:8333,26.11764705882353
95.217.117.30:8333,25.0
95.217.133.72:8333,26.56
95.217.142.177:8333,25.31159420289855
95.217.194.183:8333,26.290123456790123
95.217.202.21:8333,25.0
95.217.204.156:8333,25.983471074380166
95.217.226.96:8333,25.73374613003096
95.217.229.50:8333,25.573333333333334
95.217.34.36:8333,25.3
95.217.38.60:8333,26.087671232876712
95.217.41.248:8333,26.4672131147541
95.217.43.125:8333,25.58730158730159
95.217.78.80:8333,26.03835616438356
95.217.78.81:8333,25.70958904109589
95.217.96.83:8333,26.105263157894736
95.223.181.241:8333,21.0
95.31.196.15:8333,834.5590062111801
95.79.53.19:8333,47.0
95.89.9.178:8333,25.0
96.126.123.143:8333,128.32142857142858
96.224.237.149:8333,104.03225806451613
96.227.120.174:8333,103.83673469387755
96.241.80.222:8333,124.78145695364239
96.242.146.218:8333,107.07407407407408
96.246.242.18:8333,104.92307692307692
96.35.21.162:8333,137.11111111111111
96.41.97.66:8333,170.41420118343194
96.42.28.189:8333,133.63736263736263
96.44.156.199:8333,151.0
96.51.136.35:8333,151.19230769230768
96.55.92.185:8333,162.0
97.101.25.41:8333,136.23076923076923
97.113.142.6:8333,168.0
97.113.203.226:8333,205.33333333333334
97.126.42.129:8333,162.66666666666666
97.93.245.204:8333,138.23837209302326
98.109.143.76:8333,114.0
98.111.198.56:8333,104.17073170731707
98.127.125.9:8333,192.5068493150685
98.127.210.42:8333,159.8421052631579
98.15.141.226:8333,280.2
98.162.203.126:8333,141.3943661971831
98.179.250.220:8333,175.83279742765274
98.216.148.56:8333,113.58545454545454
98.218.87.12:8333,109.85
98.36.34.124:8333,172.98066298342542
98.55.58.221:8333,147.79850746268656
98.96.30.75:8333,131.10526315789474
99.132.141.86:8333,110.54571428571428
99.164.139.172:8333,133.0
99.24.222.150:8333,114.89693593314763
99.240.71.212:8333,112.9090909090909
99.249.199.208:8333,134.85333333333332
99.28.196.112:8333,115.30337078651685
99.29.112.187:8333,110.98996655518394
99.47.94.186:8333,148.56
99.58.60.114:8333,136.64285714285714
a2kxoqsv5pboc3q6yw63mmaaermaipc34weudqyyg6lyahmvwejjaoqd.onion:8333,586.1282051282051
a4jb6d7hlsfhn24ukzq4ormjq4own6hw4hrawrm6zmq4itjmfajugryd.onion:8333,1039.5555555555557
a7rpgwqj4yblhmpg6aip2cqawodr56xlpcocjhzy5vqr6sbojqv3hfid.onion:8333,972.8064516129032
abenar2qml5oswnjd4lrnibeczams2uyiwsor2op4h6bbc22qo5vzyqd.onion:8333,698.1973684210526
antem46hovqzopaj43sujue4fu2oduck4uusfto73f6wpaoaglnlrbqd.onion:8333,2247.057142857143
aosbkenfukc5phqda6jiqiewndhahzmdpysbu45tuzrk4ansmn4bmkid.onion:8333,881.4516129032259
apfngwaw5zeqcigsmykl5kljb3gco7a4ygvtwkqrrt7zfh6s6hldavqd.onion:8333,1370.659090909091
asmn52slqtlnesujjid432qjoveeuw45jz2x5q3cpl6r6judnoy7q3yd.onion:8333,771.520325203252
b3vbvyt2k2k3kisg7gilxqf53kut6jix6bh6s2gepd6rpt6ga5rklcqd.onion:8333,783.6162790697674
b6c3b5s7cvrrxbfcvopghle45khen34iaucokrlvhevwhqlwom6ppaad.onion:8333,837.6976744186046
bhskgmacjjl7zb2q2zbiawgqed6ktccmotjhcngm3tt33v2lonre5rqd.onion:8333,842.86
bitd6yygq3pgtovcu36bsmezp2vvwqxw7x6nr6zvjbihtxzho62fboyd.onion:8333,637.3977900552486
c2aqchifq7eyhzpk5qg4rtk24aibnyfqcckz3rohaa2xbycajbwjqlyd.onion:8333,674.6428571428571
c2vtaaojm735cmbgyb7bfzn5ybp66xlew6dygqcyelpdlydkpjtghzid.onion:8333,775.8030303030303
chdpiazh64covrzsbztxcw7afzrskivyk74knuutmst24t36gg7kbdyd.onion:8333,901.8130081300814
cnydwvjsylwj3shbix5flktmmgxuabpworramr5yhyqwc7inigzsl7qd.onion:8333,808.5976331360947
crpzgg7mezu4a75lx2ngz2aje4abieqi4o7cim7qx2d4kvckdtdej3yd.onion:8333,453.944099378882
cxjyxsikseifn7od5wj5nlql3tivd5yztfx2boipxqhqcc3cfxftjryd.onion:8333,886.3496503496503
dfdahlt5ilyq6ejq4j32opmhubkleiikstgwhqqgyfrxfeohj7gmh2qd.onion:8333,1094.9518072289156
dm5rdc2n5abidilljtavupaobksincbfxcwkoygsshz3cqrxn74lakqd.onion:8333,1047.6666666666667
duipebc5b636t2ykt45tqkju6oycs2lkh2agzad2yjs7wifxr4m73jad.onion:8333,967.75
dyhmbv2ds47tue6ignyzft5ikwj4bggm5gq4tjytipdpqlo3s7qfniqd.onion:8333,1081.460606060606
e2f57n3xlprmdfuhtpamzsfk45s57dmz6b5a3hmm5ufgrhtfa45cpryd.onion:8333,577.9033613445379
ehvnxflf3wfreb2ycuxcktax5wlzjly5pbhojvbbyfrn4oonk6uunjyd.onion:8333,858.3855421686746
eq22lzbus2w4pewfrg46s32x6aclq3xiqmjvy5h7lrxjuvqnqcsziyyd.onion:8333,867.2941176470588
exog3zgzf42yjqew73crkzboacuhwnzbmlojag3fffqa7xbfsyzpwkad.onion:8333,921.3805668016195
fliynlju3prz2tstfthsb77culkluqolcysdxwfdwxl2hul5igeqagid.onion:8333,818.8273381294964
fsdcfnr4gqvljhr4vkypqykjxscrmtsxfxeixck4t7mng3vkkxx566id.onion:8333,599.4246031746031
g3zl23vpenyxwzufg7wpbbaku6w6gu2tgjd6f5nxr5xxnuny7773cuqd.onion:8333,596.60101010101
ga3yezebtcx72dzv4utlzqnywfa7lrdgy3kd2vn4yy5waegfwsvmywqd.onion:8333,693.625641025641
gc2ellc3vqp72mar36seboupytabzutiv7kxwdpigsesf7o4x7qdfwad.onion:8333,736.8870967741935
geqd5vj3r34ewq3tyhan3hqkhhsleqhdlnuu2nxcsompe23xmmqzh4qd.onion:8333,618.7328767123288
gmdbpjwkr4tepe3ezf5m4fhskejvnp5u6eurb4j72fq4soyydnxa24qd.onion:8333,855.9411764705883
gryivhadltaityzvsljyp3rf5hie2rmcm5de3nuvt5pdiqrs2rssgrqd.onion:8333,780.8235294117648
gtsablq2zpfgdymrqe7d5a2xa5syaguidns56hv4bzs6w46e77a74gad.onion:8333,1100.2815533980583
gxtnaulrjdzaz6nmxtvvhavljuazcifva7v7grwsbxcluvl5pvpaa4qd.onion:8333,1277.825
h5qvrvkdq5wvuywuxb36toph3i7dxl4tk767w7f6hrbuvo3sqqj2xqqd.onion:8333,1056.179487179487
hbgfc334pfukirhkcnpvtgnvkcxg7cxkly3eqwmawmw3rfmlbnylmnad.onion:8333,1038.8470588235293
hhsvcavjpkpvubslhkgoyw2sswqs6ccwdgfvkrxldtlrfiyotkvsmzid.onion:8333,892.1931818181819
hj3y7sy6vxcv4tkw5cbegsdslqeicblutwyckuz6bx3o3kkesia3lkid.onion:8333,1015.448275862069
hmkkkcdlpitjirsj4xfuktufhp5umydzdt342hvut2afcrxowcvwpoyd.onion:8333,815.1896551724138
hoqlf3tpnq7bsowobivfpninp3eukhftv6kmtol4iworwwvnbdzh35yd.onion:8333,445.48514851485146
hyddoxcoyckwa6lloendglu7rvlvwph4gf4xxgteb2hbmbfvk7zlabid.onion:8333,540.9184549356223
hysqyv7fxz3mfkqgt35qifykb7bzhs54xuez5tmspqddf6ugsu6k4zyd.onion:8333,1082.2016806722688
iaex2k2d3sbqwuquzxkrrojcmzn4ezwfdtafv7ktdu7f5wdf6lz5zeid.onion:8333,931.9384615384615
ictzg7je7ghdeebq7roalux7sbm4prftw6h2fd2xzjekm7pq3vdtsmad.onion:8333,772.0526315789474
idr2g7teqbfc2akxqjtjj77ynmpfee4wpfogzrjarxvseghgjumkt7ad.onion:8333,911.8684210526316
ifpwrn5oiear2sue7arr6ltwwpamlfcvpadt46hjnhwhsoqvkw344vyd.onion:8333,690.2727272727273
ilghggfpk42sprssa5i6budycormzutbwqpupusd55cyl3a2dqydp7ad.onion:8333,1001.8285714285714
jgnphhzorsd56kppl2mprd74mdp5upuy3oxe7esll2q33p4vm6hnryad.onion:8333,1415.1041666666667
jiatjj3xvt2ik6fhpms4ireafxj36v4h7uq6uaeeddmkqpblyke3dtad.onion:8333,774.4142857142857
jkut3tzdv4maillaw4j6tg4ixv4yxhldg4cfz34zc7ugwp6g2mmjlhqd.onion:8333,687.2364864864865
jvecrctzp5bfcwyv6xizqt5miuh33plobdb45p6lzy6i3djsqrgfukad.onion:8333,1149.060606060606
jxar6yuh6p6yxsnzjuh6gikn5jfow7omr3zvej2z5mu4iebjirh4oaad.onion:8333,1167.5128205128206
jy7iiixdqi44abzhpr7hy3v4a6cjft3guy43j6oj5joh3taiyqkbwkid.onion:8333,588.3540372670808
jzoeaad2jlnidhcq4xrnin6v5jetgyvzl5cygp2mq6nosafzaeuohjyd.onion:8333,1051.3333333333333
k4bwnxj5hxziyiueqqzsj2tv6ivygigccvvjxlugipqeiraq4p34lsid.onion:8333,850.9664804469273
kdvp2owtar6oodftedyhg7xac4tfuk4z7fgsnctft4lc7gscv64rdzyd.onion:8333,1632.0877192982457
kkphnvze32bjig5awzapxwnc45kloltsawdaigehncrrdlkzndnywqqd.onion:8333,1184.894366197183
kn5unldylic3ax5jxvodiwsjonpouoabufznlomtyvprkbvdf5mcndqd.onion:8333,1026.5833333333333
kuq4hc7i4p42aicfgdau5cgaiigozscsbhibh4ynanqncrugmfif2bid.onion:8333,953.6413043478261
kvkdnznbi64s6jwcnbvewq3dug33pui5lf7jo3imlg3pmhpybtdf3cyd.onion:8333,910.3846153846154
kx6fro6pgjzwxv2tbrsep4pvyrexkljzfzwygvt2tzb3ildab34diaid.onion:8333,1876.637254901961
kxvphavfumrmah3njpwze7ejufumdkdeuxu56k3lvygquza6euyksqid.onion:8333,942.536
kzezoiejxte7rcchomsayoh4emcf2sbyjmvo52aa2urnyb6gmuq6pwid.onion:8333,959.46875
l3ejzw65b2nm25txtqfc2uyoxpytv6kz5rpf5qqn3q6h3zr3kswalfqd.onion:8333,1020.3934426229508
l4tjyq43ed74fqbluk7c6ojrf3p7psmxhxjekjo3cvcplx5en6wypiqd.onion:8333,682.1142857142858
l7ovbkuygjd3u4gxnri5s2ac3ecxv6tt7eyvbsyvxouz3evzguyuqmyd.onion:8333,1025.2790697674418
lf3pxepcotob52t2dcljjhtzstqnexrrorxlmavcxjrg6lbf4u33vkad.onion:8333,1259.1338582677165
lgyj2qqqqabbc7jbtvppy2n6aq6cqzt2oofmfrpolatxpvrrp45nndid.onion:8333,745.5071770334928
lgytxpvxnlpevxzjpkzw64o7e43amtw6zepzaxrmawlhmbieba75d5ad.onion:8333,1305.1315789473683
lpv6yzo6v4k4dmmy457cqn2emt66jl2asenbjjdoqw63n6uv6drnlrid.onion:8333,688.9948453608248
mcqbum5bxnmhoumwsybh7opr7lqvhr2tqrq6y52bvwftjup4jx4ay2ad.onion:8333,764.6363636363636
mrlyeqavp5ufbsnk37tr6pmbnlr74e4v3xtlx4elmhrb3hfrfpuiz4yd.onion:8333,569.1273885350319
mu6yhha26zf2j2sq6bt25bieq6cliiws3hxwhibnmsticaub4vffl3ad.onion:8333,732.7770700636943
mvz2jduhvgwmyosvf4yvd7f5c66wvv7ui5ggf7ycl252t62vcermjaqd.onion:8333,3010.0222222222224
n5opeeo46v26wqslblc5fgtf47pxrwmzyog6vbxl7rpbohj7tswpnayd.onion:8333,1157.1333333333334
ndzs5zwizy5onsmvquhiwnutfthmmwvl53ao4oacqszaupan6dw7luyd.onion:8333,1265.8529411764705
nelc67yc4nmjxh3adijoqywaa6nantzvnbl5y6ejbfwskwkspqg6xsad.onion:8333,900.1166666666667
nnmpdg3y2m3l74hc5bjajsdgwlxqqgfocpxvfxcu3hf3qzvzkvezocad.onion:8333,844.7374301675977
ntr4oh3h3zmyobqgek2b7jxl6pezmzkayhspq4mrdyocgvgoolntz2yd.onion:8333,473.5235294117647
oac2gbdczjr6akmqygkjwtosecf3sygxlddd4jom4dnzesjlntim77qd.onion:8333,789.3661971830986
oc2btfl4borjrjsplxfznga3oiuxjxuglo7umdrnfyfprvhnleko5rad.onion:8333,752.7709923664122
oclovznj2qmtrzrkizgml65r3xu4mve52kxoumhbudu2t6qiirelscyd.onion:8333,711.4594594594595
oei36q75bhpl4dutjnelbkorzneppw52mbxlph47q7coq3sspwlgimqd.onion:8333,778.48
opcbwivwhlr4sbhfu6zbtgc7ngflkzdpg573jeawggg6uskp4ng3exqd.onion:8333,923.4571428571429
owb3djyiapp4w3hue6a5kd73oepn3pyozqurxdhu3qsayqkqybphxuqd.onion:8333,833.2702702702703
p2xdake4pwyz2tcsqgxc55idjssjbwv7n4numawe6yp4elbngd2qw3ad.onion:8333,896.6666666666666
pcxlvkgabsowmrx54b5bgqglershgfchr6xavrhbfngridplzhf2pwqd.onion:8333,291.0
phakdh2iehojnuchao6noffhxd6r6s5ziwjskqreutd6xdkrqxyul4yd.onion:8333,655.6627906976744
pxeqh7ap62pt3hjk6pghq4pyqhorjbimsmm7wljzblsgpdt4u6iu7kqd.onion:8333,1069.7222222222222
pz3aojrhdx4bugk6l33s5joh5firuusollv6rpa63diq2z7cqccglvqd.onion:8333,801.9214659685864
q5psfs2pzc5cf6uovqrbgy6qjmfaraejog3sdehjxxa2oahwizhf3kqd.onion:8333,734.159793814433
qblwkrvpgpjsghtqfva3gdsunyete4yussidh5coedvnkdynomwm26qd.onion:8333,1317.34375
qlqrdtxonwd4kbbgsyoi6ugy4etq2hhpleudzobt44plhlsquxvq2ryd.onion:8333,869.4666666666667
qlxls6euowcxwdjqj3oqlquadelcgrzqto2cj2dnt4c7z2da3debwcad.onion:8333,894.3157894736842
qwo5ihaytfl7rnyqxn3zbco74fwcyvbp2jjcixfrghjbj4ny3xp2joid.onion:8333,1212.3
qzsfwqxbvkehwurhgnv3vs34drxp2ayqxapjwk5sq3d4uywuyaprvsad.onion:8333,3279.8
rb3cdm4546ozwbsscanpgyiumnqkyxwcyaoho3srn4ypl2ul4mngzuid.onion:8333,834.2105263157895
ry7weogbulfhttmrn4lrp3gl6h3wkyt2hunadn4h6ffbtnleno4tyvid.onion:8333,628.8965517241379
ryymccrnbwvcwgmphu2bee4yw2bp5gmwxqlxhhyyl324qjq4iau33fyd.onion:8333,706.4949494949495
s335fjats4urcvpopudoqfanhwla4qtep3rrru25ufhnaqbchyy3jqyd.onion:8333,565.9593023255813
s5n6kiqhipe3zgq65qatjqalxss3kkdjuvwhhnx2qwijexqnmbcsnbid.onion:8333,1031.7621359223301
sacvpd5p3cflqmupn6sba4gne7ggt2spxz7a6zpm3mrv5tpbkadlvpyd.onion:8333,712.0993377483444
sdqqg33v2zhftxrpn4bnrv3qsqplzcjnjpbgvjxtvtvgao2by2drxnyd.onion:8333,571.0458333333333
sdv3enf6a6mafqoe2skr6k4f42us76w775n2ty7umzl2xbzxramu5uad.onion:8333,605.0874316939891
slszuthlib4luwgtp2cvbew3qrpnvetipgddznri63gpx6b275cffkad.onion:8333,979.5072463768116
spayt6sjccly4t2jrdyxiiubxr2g2z23xlwu3ktcyhxn6dl5lixw2eid.onion:8333,834.6839826839827
srj2snjdaiupsc5hpuipbmy63oqxzpbt5lor2bh7ujorgz6f6l4aocyd.onion:8333,535.0849673202614
syf74uwf5sel32nyl2dop5edrcasfq7zmgbhqh4x7rkcaem54cz7dnad.onion:8333,799.7058823529412
t5dsbkooqhrvmwxhquhqdt7wdikk5s3j5t2qvoe7iu2g4b5crw6xlnad.onion:8333,674.5918367346939
tdtpf3k5bl37p5qufsvsdbqynt4k26xr5qpccz43anflbooyfxpp2nqd.onion:8333,1077.5483870967741
thvq2jj64oalg3o6lewdvyco3vqsxwcgksoc6q3tb2plnrycmhd6ddqd.onion:8333,1475.8181818181818
txr3ob2hsweyago3wgqykfiyj52ywrwucdljvgk5qrbe4ehgh6rvwmad.onion:8333,721.9433962264151
u3547czaks3zje6w2nislaqgsa37zpgdesewp5oevoknid7wjug7fuid.onion:8333,880.75
u7phavksrlzphv5upw3nty3kh6rzmkxlg3uaa7hqadt7dhjgffkc2uqd.onion:8333,1049.7662337662337
uc2wek43veq2l62l6cvtrixzxa4taeljefcbqxxkrsfw7xz6r5smaxqd.onion:8333,885.0
ufydpyz3dromngmqbk4xsov2zxbepycusjchhh2edgspggru5raevpad.onion:8333,888.24
utfl6ajcxspwvg44y2xc2nkrimqn57s6rtfzhg64jexrtxnwowtvdmqd.onion:8333,636.9756097560976
v46p3l575djvsfzczaibcqhs62hh22dqbotqrdmkfyjuezbkvejfd4yd.onion:8333,451.34597156398104
vad5iekj7vzm4r6mai3kpbhz3sr27i3oa2abzk644ndqzc44afkoitad.onion:8333,1002.4460431654676
vb6imp7yrpuhp3g7tjz4urxgzka5ybvayvarec3366uauh5gzwsorwid.onion:8333,1190.435064935065
vcxv6rcrhjfogqjobjhelj33amur6mtphklzwvngrgq6xpl2ornuleid.onion:8333,1035.75
vh3hoeihj3ccsychqoaqpq2mjfbxca32yza35tb5ruiqeadv7yapccyd.onion:8333,528.0528455284552
vjscpmkwdzaxlhvgwcsj4otgbvgpdtiuujik4wbandhdo4x26lkwq5qd.onion:8333,906.1666666666666
vlppqk3wu6qqvbiheiq7me4sw43g6wkullcb5to3nwd5dntv6aw6cpyd.onion:8333,918.5786516853933
vlz6qqkdysith4iebu6q4gu4rbnj3uqb3ytsqqglihpl53c5qin42yyd.onion:8333,587.4917127071823
vvgwu4nr7fq7ebffrybgadrnacturhrs3nq5wkfagpc34jl7eg3g53id.onion:8333,538.4392523364486
vwcyneuqvskjghlh3xh2desb66syur6q2fwkcddnc3e44nsow3xd3pad.onion:8333,923.8333333333334
vywnom4nzdkvvhmoef4npgcaqqrrmgpmhcx7c7n57t3gxnqubq3nsqyd.onion:8333,876.8558558558559
vzleatncxglazfyw6f6keqi3276f2hewgisopidxh2mx3uxu4iflw2id.onion:8333,501.54237288135596
wa56s2h5ydrmosabyej7ssfrfjsca6cyddcr7bpfxizddrdrx2jxfcyd.onion:8333,879.875
wownvnda7ugyqmcs42dr5g4zdyufcsfxhliz3zbwctzgspxzqh4xlqqd.onion:8333,719.320652173913
wskggmzosytxgmmbh4fd2ahzkhzbura5zgmb5heyv4pukhh6evyublqd.onion:8333,850.2990654205607
wzrllfahzqqyd7hnh4t6jxx7ujpnl3mgj6gnht2siauio5ty6a7ja2id.onion:8333,664.7522935779816
x5b7ntazo2tvgedsbvekxkx4mxmh7vvoox2lyki3sxhbfzjc76gn3cqd.onion:8333,785.2686567164179
xlrtxftctoonthjefhukm5kyig7kb33kqvu2xbhmjhyyffbyinixtiad.onion:8333,597.4277456647399
xoyjckjrhsj66mev5243wn57pc2w3v5nigkgjd5miumfjulmmgfauaad.onion:8333,970.5357142857143
xsmcxs6rqwhgd3hur6jczabj4iy6xxt4xowfcnbnkhxaiylrkxowypqd.onion:8333,867.9540229885057
xzptkehjksfbe2ub4h5rdl6pwu26duwqj3fkkeu6gcwxbpy3mdhgqwqd.onion:8333,722.855421686747
yettfzp2vanmkehwxeaugotqcsg3wsomcargvetk4nhwnebrpq7ah2qd.onion:8333,1225.5882352941176
yi32omh7hh54oeot4i2ze2tif4l4cwdhzxxn4bzmtqrotfxrepttfead.onion:8333,1210.4102564102564
yi4gxqy63csutkea3zss2oryz4get22hcfginwcejy65g35ec5t4uzad.onion:8333,636.6037735849056
yw6vuk7pmt4pumygzebrrcmky5no6c35ko7e6uwz7lkoamhesimezrqd.onion:8333,1300.7183673469387
zckmqv4wfc3hpaczkxsa5lzrakd4b2rm4ohgalmi42cu6u6nnnueihqd.onion:8333,1183.5
zhea7pvhuzw4cte7pkd7u6lwjyiqczxi7wgvzhfovtjd7qwdc24pleqd.onion:8333,875.1283783783783
zj4ontnxqdmq5sdbfwclmg4wophev56knliiqqtjogof4d7bygmfkoid.onion:8333,788.4605263157895
zuoml3m3jdkoh5bdrwfecnew5f4mrlcwhmhkn456qsa72cp274pbgtqd.onion:8333,1354.5333333333333
